Country,y1960,y1961,y1962,y1963,y1964,y1965,y1966,y1967,y1968,y1969,y1970,y1971,y1972,y1973,y1974,y1975,y1976,y1977,y1978,y1979,y1980,y1981,y1982,y1983,y1984,y1985,y1986,y1987,y1988,y1989,y1990,y1991,y1992,y1993,y1994,y1995,y1996,y1997,y1998,y1999,y2000,y2001,y2002,y2003,y2004,y2005,y2006,y2007,y2008,y2009,y2010,y2011,y2012,y2013,y2014,y2015
Andorra,,,,,,,,,,,,,,,,,,,,,,,,,,,11.9,11,11.6,12.5,11.9,11.9,12.1,11.4,10.9,11,10.9,11.2,11.9,12.6,11.3,11.8,11.2,10.3,10.9,10.7,10.6,10.1,10.4,9.9,9.8,,9.5,,,
Afghanistan,53.73,53.726,53.715,53.696,53.667,53.623,53.562,53.48,53.378,53.257,53.118,52.964,52.8,52.632,52.463,52.298,52.141,51.994,51.855,51.725,51.602,51.482,51.362,51.24,51.117,50.991,50.865,50.741,50.626,50.527,50.467,50.472,50.546,50.675,50.833,50.978,51.063,51.039,50.869,50.528,49.999,49.281,48.405,47.403,46.291,45.078,43.763,42.361,40.899,39.414,37.952,36.556,35.254,34.065,,
Angola,54.487,54.436,54.346,54.213,54.039,53.822,53.559,53.259,52.94,52.62,52.326,52.089,51.924,51.839,51.835,51.904,52.027,52.178,52.329,52.468,52.585,52.68,52.76,52.828,52.88,52.91,52.911,52.88,52.815,52.718,52.587,52.427,52.242,52.04,51.825,51.603,51.379,51.155,50.93,50.703,50.477,50.257,50.034,49.799,49.538,49.224,48.825,48.33,47.739,47.063,46.327,45.566,44.819,44.117,,
Albania,42.24,41.266,40.229,39.186,38.185,37.27,36.464,35.755,35.126,34.575,34.089,33.648,33.228,32.806,32.368,31.902,31.402,30.879,30.343,29.803,29.278,28.79,28.348,27.955,27.606,27.279,26.951,26.595,26.19,25.732,25.225,24.687,24.14,23.594,23.049,22.49,21.896,21.249,20.539,19.77,18.938,18.046,17.118,16.188,15.29,14.474,13.788,13.255,12.885,12.674,12.607,12.651,12.756,12.877,,
Saudi Arabia,48.06873747,47.78698258,47.48888832,47.16905876,46.82460584,46.45026195,46.04216851,45.60784356,45.15587405,44.69611306,44.24488263,43.82230425,43.4381198,43.09849664,42.80348017,42.54985542,42.32872129,42.11850696,41.89671437,41.64317494,41.33707877,40.96054961,40.50825768,39.97847938,39.3719785,38.68666732,37.92887299,37.11780079,36.27681829,35.42875731,34.62021147,33.84462543,33.24035093,32.50079811,31.78076217,31.01520833,30.40295153,29.83547001,29.28901943,28.77829972,28.35698642,27.97508351,27.65306116,27.40407409,27.17909677,27.01158429,26.86616737,26.74279251,26.58652624,26.44225323,26.29540286,26.08648423,25.83796271,25.54024169,,
United Arab Emirates,48.29,47.618,46.86,46.02,45.097,44.058,42.856,41.478,39.942,38.293,36.598,34.934,33.382,32.015,30.883,30.041,29.523,29.288,29.275,29.429,29.681,29.958,30.186,30.299,30.244,29.979,29.481,28.788,27.941,26.967,25.892,24.746,23.566,22.396,21.275,20.238,19.309,18.488,17.778,17.189,16.738,16.438,16.274,16.218,16.24,16.302,16.365,16.395,16.357,16.224,15.969,15.578,15.069,14.466,,
Argentina,23.715,23.488,23.266,23.057,22.87,22.716,22.604,22.542,22.537,22.595,22.741,23,23.366,23.813,24.3,24.755,25.096,25.266,25.239,25.014,24.627,24.14,23.635,23.18,22.805,22.525,22.329,22.178,22.035,21.886,21.72,21.527,21.31,21.067,20.8,20.503,20.176,19.827,19.465,19.103,18.757,18.445,18.177,17.958,17.788,17.66,17.564,17.481,17.396,17.301,17.188,17.057,16.911,16.756,,
Armenia,36.696,36.039,34.973,33.51,31.731,29.78,27.837,26.072,24.615,23.53,22.826,22.448,22.264,22.162,22.099,22.053,22.028,22.049,22.129,22.255,22.424,22.638,22.88,23.122,23.327,23.446,23.429,23.248,22.889,22.344,21.6,20.652,19.546,18.348,17.123,15.962,14.957,14.16,13.6,13.286,13.201,13.299,13.494,13.712,13.911,14.061,14.152,14.201,14.219,14.201,14.14,14.033,13.884,13.699,,
United States of America,,,,,,,,,,,,,,,,,,,,,,,,,,,,,,,,,,,,,,,,,,,,,,,21.6,,,,18.7,,,,,
Antigua and Barbuda,32.92,32.628,32.388,32.196,32.033,31.866,31.655,31.358,30.933,30.355,29.574,28.546,27.293,25.871,24.348,22.837,21.467,20.33,19.486,18.955,18.71,18.685,18.764,18.855,18.914,18.918,18.869,18.806,18.763,18.748,18.779,18.879,19.047,19.274,19.54,19.816,20.064,20.251,20.352,20.351,20.24,20.022,19.724,19.374,18.992,18.599,18.214,17.848,17.513,17.216,16.966,16.763,16.595,16.451,,
Australia,22.4,22.9,22.1,21.5,20.5,19.6,19.8,19.4,20.1,20.4,20.6,21.4,20.1,18.5,17.8,16.7,16.2,15.9,15.6,15.3,15.3,15.7,15.8,15.8,15,15.7,15,15.4,14.9,14.9,15.4,14.9,15.1,14.7,14.5,14.2,13.9,13.6,13.3,13.1,13,12.7,12.8,12.6,12.3,12.8,12.9,14.1,14,13.9,13.7,13.6,13.7,13.2,,
Austria,17.9,18.6,18.7,18.8,18.5,17.9,17.6,17.3,17,16.3,15,14.5,13.8,12.9,12.8,12.4,11.6,11.3,11.3,11.4,12,12.4,12.5,11.9,11.8,11.6,11.5,11.4,11.6,11.6,11.8,12.2,12.2,12,11.6,11.2,11.2,10.5,10.2,9.8,9.8,9.4,9.7,9.5,9.7,9.5,9.4,9.2,9.3,9.2,9.4,9.3,9.4,9.4,,
Azerbaijan,42.267,41.912,41.23,40.194,38.83,37.205,35.421,33.615,31.908,30.377,29.076,28.02,27.165,26.47,25.927,25.528,25.26,25.104,25.042,25.056,25.144,26.3,25.2,26.1,26.6,26.6,27.6,26.8,26.4,26.4,25.9,26.6,25.2,23.7,21.4,18.9,16.6,16.8,15.7,14.7,14.5,13.6,13.5,13.8,15.8,16.9,17.6,17.7,17.4,17,18.3,19.2,18.8,18.3,,
Burundi,48.197,48.173,48.148,48.111,48.059,47.98,47.867,47.729,47.585,47.454,47.373,47.384,47.509,47.754,48.111,48.555,49.051,49.551,50.013,50.413,50.747,51.027,51.27,51.48,51.641,51.716,51.665,51.461,51.095,50.569,49.889,49.07,48.157,47.202,46.251,45.348,44.529,43.813,43.219,42.77,42.497,42.422,42.528,42.781,43.146,43.581,44.038,44.47,44.83,45.081,45.193,45.154,44.982,44.696,,
Belgium,16.8,17.3,16.8,17.1,17.2,16.4,15.9,15.3,14.8,14.7,14.7,14.6,14,13.3,12.7,12.2,12.3,12.4,12.5,12.6,12.6,12.6,12.2,11.9,11.7,11.6,11.9,11.9,12.1,12.2,12.4,12.6,12.4,12,11.5,11.4,11.5,11.4,11.2,11.2,11.4,11.2,10.9,11,11.3,11.4,11.6,11.7,11.9,11.8,11.9,11.6,11.5,11.2,,
Benin,44.307,44.736,45.132,45.488,45.799,46.062,46.273,46.44,46.571,46.671,46.749,46.814,46.872,46.929,46.986,47.046,47.105,47.157,47.196,47.222,47.233,47.232,47.219,47.192,47.15,47.086,46.996,46.876,46.721,46.531,46.302,46.031,45.722,45.381,45.014,44.631,44.242,43.854,43.469,43.089,42.707,42.313,41.896,41.45,40.976,40.476,39.957,39.427,38.898,38.376,37.865,37.369,36.885,36.413,,
Burkina Faso,47.24,47.215,47.21,47.229,47.273,47.332,47.388,47.429,47.45,47.456,47.464,47.502,47.59,47.734,47.932,48.169,48.424,48.668,48.873,49.022,49.099,49.092,49.011,48.871,48.68,48.457,48.218,47.982,47.764,47.574,47.417,47.296,47.197,47.109,47.026,46.938,46.841,46.729,46.595,46.435,46.245,46.024,45.775,45.499,45.192,44.85,44.465,44.035,43.565,43.058,42.524,41.971,41.411,40.854,,
Bangladesh,48.266,48.146,48.029,47.922,47.823,47.731,47.639,47.533,47.404,47.243,47.045,46.804,46.523,46.204,45.846,45.454,45.034,44.589,44.12,43.624,43.091,42.509,41.871,41.172,40.416,39.606,38.748,37.857,36.947,36.031,35.119,34.218,33.332,32.461,31.613,30.79,29.996,29.226,28.478,27.748,27.028,26.307,25.581,24.855,24.135,23.442,22.8,22.225,21.725,21.298,20.934,20.614,20.311,20.005,,
Bulgaria,17.8,17.4,16.7,16.4,16.1,15.3,14.9,15,16.9,17,16.3,15.9,15.3,16.2,17.2,16.6,16.5,16.1,15.5,15.3,14.5,14,13.9,13.8,13.6,13.3,13.4,13,13.1,12.6,12.1,11.1,10.4,10,9.4,8.6,8.6,7.7,7.9,8.8,9,8.5,8.5,8.6,9,9.2,9.6,10,10.4,10.9,10.2,9.6,9.5,9.2,,
Qatar,45.946,45.876,45.67,45.303,44.764,44.035,43.102,41.998,40.775,39.485,38.194,36.971,35.867,34.921,34.16,33.604,33.251,33.054,32.959,32.932,32.938,32.953,32.951,32.903,32.776,32.533,32.144,31.61,30.944,30.158,29.27,28.303,27.298,26.294,25.323,24.421,23.614,22.901,22.273,21.724,21.228,20.752,20.265,19.747,19.194,18.62,18.052,17.521,17.048,16.633,16.265,15.922,15.579,15.214,,
The Bahamas,34.388,34.036,33.381,32.417,31.2,29.865,28.595,27.547,26.821,26.442,26.348,26.412,26.47,26.41,26.209,25.919,25.645,25.5,25.547,25.77,26.094,26.399,26.567,26.524,26.256,25.81,25.274,24.76,24.342,24.037,23.823,23.648,23.431,23.11,22.661,22.063,21.307,20.432,19.492,18.531,17.617,16.822,16.184,15.727,15.454,15.347,15.361,15.431,15.5,15.538,15.531,15.479,15.404,15.323,,
Bosnia and Herzegovina,35.168,33.772,32.335,30.883,29.448,28.064,26.765,25.568,24.49,23.54,22.726,22.043,21.469,20.978,20.555,20.186,19.861,19.57,19.306,19.057,18.824,18.615,18.431,18.261,18.083,17.853,17.518,17.054,16.46,15.755,14.992,14.245,13.581,13.037,12.621,12.298,12.004,11.67,11.254,10.754,10.199,9.64,9.14,8.748,8.48,8.338,8.307,8.345,8.418,8.509,8.609,8.716,8.833,8.962,,
Belarus,23.926,23.377,22.665,21.815,20.869,19.887,18.932,18.056,17.301,16.696,16.25,15.95,15.756,15.63,15.558,15.54,15.583,15.689,15.849,16.041,16.242,16.3,16.3,17.6,17,17.05,17.1,16.1,16.1,15,13.9,12.9,12.4,11.3,10.7,9.9,9.3,8.8,9.1,9.1,9.4,9.2,9,9,9.1,9.4,10.1,10.8,11.3,11.5,11.4,11.5,12.2,12.5,,
Belize,44.967,44.382,43.862,43.407,43.018,42.693,42.432,42.23,42.081,41.978,41.927,41.939,42.008,42.118,42.243,42.341,42.369,42.296,42.105,41.792,41.365,40.85,40.288,39.713,39.142,38.588,38.055,37.53,37.001,36.462,35.901,35.304,34.663,33.98,33.263,32.525,31.788,31.069,30.386,29.746,29.15,28.59,28.052,27.528,27.014,26.517,26.042,25.598,25.185,24.803,24.443,24.097,23.755,23.41,,
Bolivia,46.353,46.167,45.988,45.826,45.689,45.592,45.554,45.566,45.605,45.643,45.625,45.487,45.192,44.727,44.1,43.344,42.514,41.679,40.899,40.205,39.616,39.129,38.714,38.345,38.012,37.715,37.461,37.244,37.053,36.867,36.652,36.372,36.009,35.554,35.012,34.403,33.762,33.126,32.524,31.966,31.445,30.938,30.42,29.874,29.306,28.731,28.174,27.659,27.204,26.812,26.482,26.201,25.948,25.703,,
Brazil,42.847,42.529,42.053,41.401,40.584,39.638,38.614,37.586,36.617,35.748,35.009,34.415,33.941,33.558,33.25,33.004,32.805,32.629,32.444,32.222,31.921,31.506,30.969,30.313,29.548,28.69,27.762,26.807,25.869,24.982,24.187,23.513,22.963,22.526,22.192,21.943,21.754,21.586,21.401,21.173,20.867,20.459,19.954,19.372,18.729,18.061,17.411,16.818,16.309,15.896,15.576,15.332,15.129,14.938,,
Brunei,42.785,42.236,41.497,40.532,39.372,38.149,37.052,36.248,35.836,35.814,36.109,36.582,37.043,37.336,37.39,37.154,36.621,35.883,35.035,34.139,33.284,32.564,32.024,31.683,31.537,31.554,31.675,31.804,31.856,31.779,31.518,31.037,30.362,29.527,28.562,27.516,26.449,25.416,24.459,23.6,22.843,22.166,21.527,20.895,20.262,19.627,18.998,18.39,17.816,17.281,16.788,16.336,15.922,15.542,,
Bhutan,50.305,50.217,50.099,49.961,49.814,49.659,49.495,49.313,49.106,48.874,48.619,48.347,48.06,47.756,47.429,47.063,46.638,46.144,45.584,44.97,44.337,43.732,43.184,42.698,42.261,41.823,41.315,40.679,39.885,38.933,37.858,36.719,35.584,34.505,33.5,32.556,31.638,30.699,29.712,28.679,27.617,26.552,25.524,24.566,23.698,22.935,22.288,21.741,21.275,20.876,20.524,20.199,19.883,19.559,,
Botswana,47.007,46.866,46.722,46.581,46.451,46.332,46.22,46.107,45.989,45.866,45.746,45.642,45.556,45.485,45.417,45.336,45.227,45.067,44.834,44.511,44.073,43.501,42.798,41.977,41.053,40.042,38.965,37.851,36.733,35.639,34.597,33.626,32.728,31.898,31.14,30.444,29.793,29.169,28.561,27.968,27.402,26.88,26.417,26.022,25.692,25.417,25.182,24.966,24.753,24.532,24.299,24.055,23.807,23.562,,
Central African Republic,43.715,43.792,43.83,43.834,43.807,43.751,43.668,43.559,43.429,43.286,43.134,42.977,42.819,42.666,42.526,42.409,42.325,42.276,42.259,42.268,42.295,42.33,42.358,42.366,42.34,42.261,42.114,41.899,41.627,41.311,40.98,40.672,40.411,40.213,40.078,39.996,39.942,39.882,39.784,39.631,39.401,39.081,38.682,38.221,37.712,37.184,36.667,36.185,35.754,35.38,35.056,34.767,34.484,34.185,,
Canada,26.7,26,25.2,24.6,23.4,21.3,19.3,18.2,17.6,17.6,17.4,16.8,15.9,15.6,15.4,15.8,15.6,15.5,15.2,15.4,15.4,15.3,15.1,15,15,14.9,14.5,14.4,14.5,14.9,15,14.9,14.7,13.6,13.1,12.6,12,11.6,11.4,11.2,10.9,10.6,10.7,10.5,10.65,10.65,10.9,11.2,11.3,11.3,11.1,11,11,10.9,,
Central Europe and the Baltics,19.11743513,18.10794125,17.20412494,16.99419142,16.50460321,15.93679582,15.56302359,17.94005172,18.01935384,17.45188947,17.09663182,17.00723865,17.02357482,17.35069624,18.45526024,18.4434635,18.44908627,18.13373834,17.80843209,17.72602851,17.15975451,16.55871665,16.25615989,16.06112092,16.00534298,15.77907214,15.43124928,15.04602668,14.76999491,14.24551602,13.5485809,13.01438807,12.27896148,11.81821352,11.32664991,10.51760526,10.32578377,10.12420403,9.832657715,9.712395938,9.770916089,9.43648698,9.276454194,9.276098743,9.491419278,9.752793382,9.950232278,10.20667199,10.74405277,10.78174489,10.50694046,9.936684647,9.940011224,9.505112752,,
Switzerland,17.7,18.3,18.7,19.3,19.5,19.1,18.5,17.9,17.3,16.7,16.1,15.5,14.6,13.9,13.3,12.4,11.8,11.6,11.4,11.4,11.7,11.6,11.7,11.5,11.6,11.5,11.7,11.7,12.2,12.2,12.5,12.7,12.6,12.1,11.9,11.7,11.7,11.4,11.1,11,10.9,10,9.9,9.8,9.9,9.8,9.8,9.9,10,10.1,10.3,10.2,10.3,10.2,,
Channel Islands,16.068,16.424,16.703,16.871,16.908,16.802,16.554,16.198,15.768,15.29,14.785,14.273,13.767,13.285,12.846,12.466,12.156,11.91,11.725,11.599,11.533,11.524,11.563,11.638,11.736,11.849,11.969,12.089,12.2,12.29,12.343,12.348,12.302,12.207,12.069,11.896,11.704,11.507,11.319,11.147,10.992,10.851,10.714,10.576,10.437,10.298,10.164,10.038,9.925,9.824,9.735,9.657,9.587,9.522,,
Chile,38.95,38.536,37.881,36.997,35.922,34.722,33.478,32.259,31.124,30.101,29.18,28.316,27.454,26.567,25.67,24.811,24.057,23.464,23.064,22.86,22.835,22.954,23.149,23.357,23.536,23.653,23.692,23.657,23.551,23.359,23.063,22.645,22.11,21.477,20.769,20.015,19.25,18.509,17.821,17.207,16.683,16.25,15.89,15.586,15.328,15.11,14.922,14.758,14.609,14.468,14.329,14.191,14.055,13.922,,
China,20.86,18.02,37.01,43.37,39.14,37.88,35.05,33.96,35.59,34.11,33.43,30.65,29.77,27.93,24.82,23.01,19.91,18.93,18.25,17.82,18.21,20.91,22.28,20.19,19.9,21.04,22.43,23.33,22.37,21.58,21.06,19.68,18.27,18.09,17.7,17.12,16.98,16.57,15.64,14.64,14.03,13.38,12.86,12.41,12.29,12.4,12.09,12.1,12.14,12.13,11.9,11.93,12.1,12.1,12.49,
Ivory Coast,54.333,54.386,54.383,54.327,54.222,54.072,53.881,53.65,53.386,53.093,52.781,52.459,52.126,51.781,51.42,51.028,50.589,50.091,49.53,48.908,48.232,47.513,46.771,46.026,45.291,44.577,43.885,43.216,42.574,41.966,41.411,40.925,40.511,40.167,39.883,39.642,39.418,39.19,38.94,38.659,38.341,37.986,37.613,37.242,36.893,36.6,36.401,36.31,36.318,36.407,36.533,36.637,36.668,36.589,,
Cameroon,42.818,43.134,43.456,43.767,44.053,44.302,44.512,44.686,44.832,44.95,45.039,45.101,45.139,45.163,45.182,45.216,45.286,45.398,45.55,45.732,45.926,46.107,46.245,46.317,46.311,46.216,46.029,45.766,45.445,45.078,44.673,44.239,43.786,43.328,42.882,42.47,42.109,41.806,41.558,41.361,41.203,41.07,40.938,40.787,40.604,40.377,40.1,39.781,39.427,39.04,38.624,38.186,37.733,37.272,,
Democratic Republic of the Congo,42.49,42.59,42.694,42.795,42.89,42.973,43.043,43.098,43.14,43.166,43.178,43.183,43.18,43.167,43.137,43.078,42.974,42.815,42.598,42.323,41.993,41.614,41.202,40.776,40.349,39.935,39.538,39.164,38.823,38.527,38.296,38.151,38.094,38.119,38.218,38.373,38.56,38.754,38.93,39.074,39.179,39.245,39.285,39.306,39.304,39.28,39.23,39.15,39.034,38.877,38.662,38.373,38.009,37.576,,
Colombia,44.584,44.333,44.044,43.69,43.25,42.677,41.931,41.013,39.952,38.785,37.589,36.452,35.446,34.616,33.974,33.502,33.148,32.831,32.49,32.097,31.644,31.141,30.622,30.114,29.627,29.167,28.741,28.342,27.964,27.601,27.24,26.868,26.477,26.061,25.622,25.161,24.687,24.213,23.752,23.311,22.897,22.518,22.17,21.849,21.55,21.266,20.986,20.702,20.408,20.1,19.779,19.448,19.113,18.783,,
Cabo Verde,46.557,45.894,45.165,44.396,43.62,42.884,42.237,41.709,41.318,41.072,40.965,40.978,41.069,41.195,41.33,41.451,41.545,41.611,41.649,41.655,41.638,41.617,41.601,41.583,41.544,41.445,41.24,40.894,40.392,39.731,38.929,38.014,37.034,36.029,35.02,34.016,33.01,31.988,30.943,29.885,28.819,27.752,26.696,25.67,24.694,23.796,23.003,22.324,21.757,21.298,20.93,20.632,20.372,20.121,,
Costa Rica,45.366,45.001,44.349,43.389,42.141,40.653,38.996,37.284,35.628,34.105,32.796,31.75,30.955,30.384,30.026,29.854,29.828,29.887,29.977,30.056,30.102,30.112,30.095,30.049,29.954,29.772,29.467,29.025,28.448,27.749,26.956,26.106,25.248,24.42,23.647,22.942,22.306,21.715,21.153,20.612,20.082,19.552,19.02,18.488,17.96,17.454,16.988,16.577,16.229,15.941,15.704,15.502,15.313,15.12,,
Caribbean small states,39.99480301,39.69743918,39.2400151,38.62877076,37.887345,37.05006706,36.1613783,35.2670812,34.40866701,33.61339471,32.73036026,32.26669117,31.77569787,31.20206237,30.68927215,30.22273636,29.8429828,29.5468343,29.25971472,29.0095074,28.80949314,28.49218398,28.1993146,27.78687716,27.29717195,26.84258652,26.27168377,25.66047238,25.08718802,24.53940172,23.76886942,23.40643529,22.77676755,22.19752092,22.13039315,22.44491379,21.39711229,21.19647093,20.47915473,19.78870043,19.59999473,18.73936319,18.30020132,17.94739065,17.76151848,17.93862753,17.37724932,17.35779002,17.23607878,17.07825694,16.56674579,16.32662578,16.11691846,15.57350448,,
Cuba,31.95,33.187,34.162,34.723,34.8,34.401,33.622,32.639,31.591,30.522,29.405,28.166,26.741,25.121,23.366,21.585,19.915,18.477,17.358,16.593,16.197,16.139,16.308,16.595,16.925,17.217,17.404,17.464,17.387,17.164,16.804,16.342,15.836,15.337,14.871,14.458,14.108,13.805,13.534,13.286,13.044,12.785,12.496,12.171,11.813,11.435,11.056,10.7,10.385,10.12,9.908,9.744,9.614,9.505,,
Curacao,,,,,,,,,,,,,,,,,,,,,,,,,,,,,,,,,,,,,,,,,,,,,,,13.6,13.4,13.8,13,13.6,13.1,13.4,12.7,,
Cayman Islands,,,,,,,,,,,,,,,,,,,,,,,,,,,,,,,,,,,,,,,,,,,,,,,,13.8,,15.5,15,14.5,13.4,12.5,,
Cyprus,25.558,25.222,24.746,24.113,23.339,22.473,21.584,20.753,20.046,19.494,19.107,18.866,18.726,18.647,18.617,18.646,18.753,18.947,19.219,19.543,19.876,20.168,20.379,20.483,20.467,20.34,20.132,19.883,19.62,19.347,19.048,18.693,18.255,17.726,17.114,16.439,15.73,15.025,14.36,13.758,13.244,12.828,12.501,12.25,12.068,11.944,11.862,11.807,11.762,11.717,11.665,11.605,11.542,11.482,,
Czech Republic,13.4,13.7,13.9,15.4,15.9,15.1,14.4,14.1,13.9,14.5,15,15.7,16.6,18.3,19.4,19.1,18.5,17.8,17.5,16.7,14.9,14,13.7,13.3,13.3,13.1,12.9,12.7,12.8,12.4,12.6,12.5,11.8,11.7,10.3,9.3,8.8,8.8,8.8,8.7,8.9,8.9,9.1,9.2,9.6,10,10.3,11.1,11.5,11.3,11.2,10.4,10.3,10.2,,
Germany,17.3,17.9,17.8,18.1,18,17.4,17.2,16.5,15.7,14.7,13.4,12.9,11.5,10.3,10.2,9.9,10.2,10.3,10.4,10.5,11.1,11,11,10.6,10.4,10.5,10.9,11.2,11.4,11.2,11.4,10.4,10,9.8,9.5,9.4,9.7,9.9,9.6,9.4,9.3,8.9,8.7,8.6,8.6,8.3,8.2,8.3,8.3,8.1,8.3,8.1,8.4,8.5,,
Djibouti,43.595,43.871,44.123,44.348,44.541,44.708,44.853,44.978,45.077,45.138,45.137,45.046,44.849,44.546,44.142,43.649,43.083,42.478,41.874,41.304,40.811,40.437,40.188,40.058,40.033,40.1,40.241,40.403,40.527,40.559,40.41,39.996,39.297,38.331,37.136,35.79,34.395,33.065,31.893,30.931,30.21,29.727,29.416,29.213,29.085,28.998,28.924,28.844,28.739,28.59,28.385,28.124,27.818,27.48,,
Dominican Republic,,,,,,,,,,,25.8,,37,32.7,29.2,25.1,24.7,24,24,21,24.8,22.5,23.3,24.3,20.8,,,23.6,,,23,,24,,21.6,,19.1,21.5,16.2,,,,15.4,,,,14.9,,,,13.11000885,,,,,
Denmark,16.6,16.6,16.7,17.6,17.7,18,18.4,16.8,15.3,14.6,14.4,15.2,15.1,14.3,14.1,14.2,12.9,12.2,12.2,11.6,11.2,10.4,10.3,9.9,10.1,10.5,10.8,11,11.5,12,12.3,12.5,13.1,13,13.4,13.3,12.9,12.8,12.5,12.4,12.6,12.2,11.9,12,12,11.9,12,11.7,11.8,11.4,11.4,10.6,10.4,10,,
Dominican Republic,51.795,50.953,50.023,49.027,47.983,46.911,45.825,44.734,43.65,42.589,41.562,40.574,39.622,38.711,37.85,37.055,36.342,35.714,35.167,34.69,34.266,33.873,33.487,33.088,32.666,32.218,31.752,31.28,30.814,30.35,29.88,29.388,28.867,28.317,27.747,27.177,26.631,26.13,25.688,25.307,24.982,24.7,24.436,24.172,23.895,23.6,23.284,22.952,22.612,22.263,21.907,21.547,21.186,20.826,,
Algeria,49.936,49.524,49.103,48.681,48.267,47.88,47.539,47.253,47.022,46.841,46.703,46.597,46.499,46.385,46.234,46.034,45.778,45.463,45.08,44.611,44.032,43.318,42.462,41.469,40.347,39.116,37.8,36.432,35.041,33.644,32.236,30.795,29.311,27.795,26.279,24.803,23.409,22.143,21.054,20.184,19.595,19.339,19.405,19.752,20.332,21.08,21.918,22.759,23.516,24.122,24.514,24.658,24.579,24.312,,
East Asia & Pacific (developing only),26.63317786,24.59420287,38.50297767,43.05612122,39.84236432,38.80871736,36.61985938,35.70016433,36.76089816,35.52936099,34.8703399,32.65768321,31.8318153,30.2987472,27.8387794,26.34306508,23.92510694,23.07431076,22.45663386,22.03361483,22.21398827,24.05526006,24.92130868,23.29214026,22.94571616,23.60592512,24.42982912,24.89894952,24.04788977,23.32447878,22.79505668,21.65615261,20.49296803,20.19163922,19.73621107,19.14760584,18.8760534,18.42958599,17.64067866,16.82824925,16.310667,15.78764991,15.36941676,15.00747388,14.87630985,14.90150902,14.63276442,14.5791346,14.5405816,14.46319486,14.23117571,14.1732172,14.20695319,14.12558587,,
East Asia & Pacific (all income levels),26.3599667,24.53834425,36.40366624,40.29509866,37.51398912,36.64572359,34.32637688,33.95168955,34.82304852,33.71701759,33.1478467,31.26824401,30.47147941,29.14323069,26.86857121,25.39301646,23.19630014,22.38004295,21.73962804,21.38838054,21.4836301,23.05110089,23.77101321,22.27034197,21.87452269,22.39017539,23.03451905,23.43604095,22.70067309,22.0111974,21.56045509,20.57091565,19.55278488,19.25886722,18.88052678,18.32333448,18.06450681,17.6376957,16.89829588,16.1520636,15.71688268,15.18081642,14.77088105,14.43251222,14.27144786,14.26252798,14.05122353,14.03659173,13.99448469,13.90240122,13.69532396,13.64913598,13.69536462,13.56566712,,
Europe & Central Asia (developing only),30.48603592,29.65161727,28.7876687,28.01292477,27.23853584,26.47048155,25.82444983,26.83574255,26.50451416,25.86021579,25.41013912,25.12274098,24.93411757,24.84339604,25.04196066,24.82727774,24.68103081,24.56177435,24.38562175,24.09507754,23.88229045,23.77325953,23.54282972,23.69927128,23.76147513,23.53576378,23.66279661,23.18274472,22.59381977,21.67352738,20.93444545,20.12547389,19.66204807,18.89557467,18.1972586,17.54802283,16.86357334,16.34575351,15.89133514,15.54130082,15.34592157,15.08318977,15.17604283,15.1142964,15.46712215,15.43285328,15.76871241,16.08736807,16.51682583,16.49704174,16.38659533,16.20965846,16.2339576,16.18371285,,
Europe & Central Asia (all income levels),22.16306857,21.83068676,21.36186725,21.04069256,20.71779319,20.01103293,19.50716054,19.35285918,18.95449192,18.53541414,18.12496261,18.03285838,17.70141723,17.44659106,17.5093249,17.26658378,17.16826317,16.9736122,16.89054954,16.74375245,16.67899057,16.50639369,16.52133599,16.60725649,16.45316175,16.29338736,16.3728054,16.22132638,15.88500039,15.26897733,14.89277956,14.35796012,13.79933929,13.19283067,12.82412134,12.49728466,12.24145994,12.02374471,11.84257037,11.60861355,11.66608363,11.52555798,11.63595507,11.71720499,11.90983027,11.84826762,12.05511693,12.33830531,12.70667164,12.65553754,12.67400829,12.485865,12.57300838,12.37095931,,
Ecuador,44.219,43.986,43.743,43.491,43.224,42.933,42.611,42.248,41.841,41.388,40.889,40.347,39.77,39.169,38.551,37.92,37.278,36.627,35.976,35.334,34.72,34.154,33.643,33.183,32.768,32.376,31.979,31.552,31.079,30.557,29.994,29.404,28.814,28.248,27.715,27.226,26.784,26.38,26.005,25.654,25.316,24.984,24.649,24.306,23.951,23.587,23.217,22.848,22.487,22.135,21.794,21.461,21.134,20.812,,
Egypt,47.562,46.982,46.377,45.752,45.113,44.454,43.767,43.054,42.323,41.594,40.896,40.266,39.724,39.28,38.932,38.669,38.469,38.295,38.114,37.902,37.649,37.354,37.022,36.65,36.22,35.695,35.032,34.218,33.266,32.202,31.079,29.962,28.915,27.988,27.208,26.581,26.088,25.685,25.334,25.026,24.764,24.563,24.435,24.378,24.374,24.401,24.427,24.427,24.377,24.263,24.078,23.823,23.517,23.177,,
Euro area,18.83871266,19.01736162,18.8988046,19.00440944,19.20846911,18.61733537,18.34451127,17.88483895,17.42455083,16.99531855,16.27807929,16.05469525,15.37898302,14.75251459,14.63796178,14.15461036,14.01015374,13.66786224,13.42172672,13.14299208,13.07223769,12.78940478,12.67924777,12.34268656,12.18361661,11.99674007,11.93089421,11.85968372,11.91114375,11.68398983,11.72019397,11.3743981,11.21316262,10.93516494,10.56303487,10.44779086,10.52822914,10.57234402,10.48517757,10.47991488,10.63799032,10.39071224,10.3313531,10.34191052,10.41989348,10.29992357,10.37698252,10.38019763,10.55130422,10.33986938,10.35841828,10.10406403,9.998546666,9.711147374,,
Eritrea,47.924,47.872,47.809,47.742,47.676,47.611,47.541,47.46,47.363,47.251,47.127,46.994,46.858,46.725,46.601,46.492,46.405,46.34,46.294,46.261,46.232,46.2,46.152,46.079,45.972,45.829,45.652,45.444,45.204,44.926,44.583,44.143,43.602,42.971,42.281,41.587,40.959,40.449,40.087,39.882,39.818,39.86,39.944,40.012,40.028,39.967,39.816,39.587,39.289,38.918,38.47,37.945,37.352,36.702,,
Spain,21.7,21.2,21.1,21.4,22,21.1,20.7,20.7,20.1,19.9,19.5,19.6,19.5,19.3,19.6,18.8,18.8,18,17.3,16.2,15.3,14.1,13.6,12.7,12.4,11.9,11.4,11,10.8,10.5,10.3,10.2,10.2,9.8,9.4,9.2,9.2,9.3,9.2,9.5,9.9,9.9,10.1,10.4,10.6,10.6,10.8,10.9,11.3,10.6,10.4,10.1,9.7,9.1,,
Estonia,16.7,16.5,16.1,15.3,15.4,14.6,14.2,14.2,14.9,15.4,15.8,16.1,15.6,15.1,15.1,14.9,15.1,15.2,15,14.9,15,15.4,15.4,16,16,15.5,15.7,16.2,16,15.5,14.2,12.4,11.8,10.2,9.7,9.4,9.4,9,8.8,9,9.4,9.1,9.4,9.5,10.3,10.6,11,11.8,12,11.8,11.9,11.1,10.6,10.3,,
Ethiopia,47.821,47.837,47.843,47.828,47.789,47.741,47.711,47.724,47.794,47.917,48.075,48.239,48.381,48.482,48.539,48.568,48.594,48.643,48.73,48.849,48.981,49.1,49.174,49.181,49.111,48.96,48.735,48.455,48.144,47.814,47.489,47.192,46.927,46.686,46.456,46.206,45.898,45.5,44.988,44.356,43.6,42.727,41.771,40.77,39.752,38.753,37.801,36.911,36.092,35.351,34.689,34.095,33.545,33.018,,
European Union,18.57959195,18.53409438,18.33731958,18.41501499,18.50989625,17.95739331,17.65776953,17.83011495,17.4801191,16.97061515,16.37014351,16.20136241,15.60582152,15.13403456,15.20229166,14.7898202,14.62505727,14.28923441,14.11667128,14.02840031,13.90210876,13.52234984,13.35342422,13.07522223,12.98722921,12.882473,12.77317972,12.70218817,12.71572764,12.45441289,12.37523086,12.03227954,11.75721214,11.43948698,11.08273251,10.77250083,10.77258015,10.74031267,10.59530052,10.51624554,10.59345338,10.34778163,10.27989801,10.34027273,10.45862376,10.44134601,10.57792561,10.66061606,10.91422442,10.75062404,10.74450837,10.43098847,10.372014,10.01483862,,
Fragile and conflict affected situations,46.76317351,46.67491686,46.59187488,46.50742572,46.41610262,46.31182582,46.1908139,46.05428779,45.90502706,45.74408716,45.57617417,45.40821331,45.24555524,45.09196364,44.94818158,44.8137282,44.6864147,44.55755701,44.41512508,44.24791391,44.04421475,43.69859576,43.42300707,43.06889629,42.72002764,42.31756956,41.90989317,41.50483867,41.10687909,40.72496257,40.43182014,40.12733417,39.84175464,39.60494881,39.3702732,39.12986845,38.86341899,38.56141896,38.25596093,37.94402089,37.60967606,37.2629605,36.91873955,36.56757494,36.23792552,35.90425267,35.56213695,35.22880911,34.86987655,34.54402936,34.2213442,33.8980324,33.57069939,33.23728607,,
Finland,18.5,18.4,18.1,18.2,17.7,17.1,17,16.8,15.9,14.6,14,13.2,12.7,12.2,13.3,13.9,14.1,13.9,13.5,13.3,13.2,13.2,13.7,13.8,13.3,12.8,12.3,12.1,12.8,12.8,13.1,13,13.2,12.8,12.8,12.3,11.8,11.5,11.1,11.1,11,10.8,10.7,10.9,11,11,11.2,11.1,11.2,11.3,11.4,11.1,11,10.7,,
Fiji,45.415,44.277,42.999,41.636,40.247,38.894,37.622,36.459,35.43,34.566,33.899,33.449,33.192,33.092,33.117,33.23,33.395,33.568,33.706,33.768,33.711,33.499,33.143,32.664,32.084,31.445,30.804,30.208,29.69,29.259,28.902,28.584,28.257,27.887,27.468,27.005,26.518,26.039,25.589,25.176,24.803,24.465,24.147,23.836,23.526,23.212,22.892,22.567,22.238,21.902,21.555,21.196,20.823,20.441,,
France,18.7,18.7,18.6,18.5,18.4,18.2,18,17.7,17.5,17.3,17,16.7,16.3,15.9,15.5,15,14.6,14.3,14.1,14,14,14.1,14.2,14.2,14.3,14.2,14.1,14,13.8,13.6,13.4,13.2,13.1,13,12.5,12.8,12.8,12.7,12.8,12.9,13.3,13.1,12.9,12.8,12.8,12.8,13.1,12.8,12.9,12.8,12.9,12.7,12.6,12.3,,
Faeroe Islands,,,,,,,,,,,,,,,,,,,,,,,,,,,,,,,,,,,,,,,,,,,,,,,,13.9,,,,11.9,12.8,,,
"Micronesia, Fed. Sts.",43.567,43.218,42.933,42.706,42.523,42.357,42.18,41.968,41.707,41.391,41.016,40.585,40.123,39.66,39.222,38.861,38.63,38.543,38.588,38.732,38.902,39.005,38.963,38.728,38.289,37.666,36.91,36.106,35.329,34.617,34.004,33.505,33.096,32.748,32.443,32.149,31.834,31.467,31.03,30.513,29.906,29.21,28.453,27.669,26.886,26.138,25.457,24.863,24.372,23.992,23.731,23.587,23.535,23.547,,
Gabon,32.798,33.376,33.968,34.552,35.108,35.61,36.037,36.384,36.655,36.851,36.985,37.074,37.142,37.207,37.28,37.371,37.48,37.598,37.714,37.822,37.917,37.99,38.038,38.053,38.031,37.968,37.862,37.714,37.529,37.307,37.047,36.744,36.401,36.029,35.639,35.248,34.871,34.523,34.212,33.947,33.73,33.562,33.431,33.323,33.232,33.15,33.076,33.005,32.926,32.826,32.686,32.487,32.221,31.888,,
United Kingdom,17.5,17.9,18.3,18.5,18.8,18.3,17.9,17.5,17.2,16.6,16.2,16.1,14.9,13.9,13.1,12.4,12,11.7,12.2,13.1,13.4,13,12.8,12.8,12.9,13.3,13.3,13.7,13.8,13.6,13.9,13.8,13.6,13.2,13,12.6,12.6,12.5,12.3,11.9,11.5,11.3,11.3,11.7,11.9,12,12.3,12.6,12.9,12.7,12.9,12.8,12.8,12.2,,
Georgia,25.676,25.216,24.586,23.788,22.862,21.886,20.962,20.18,19.598,19.236,19.076,19.068,19.123,19.17,19.176,19.128,19.032,18.918,18.809,18.71,18.626,18.566,18.524,18.488,18.444,18.369,18.238,18.034,17.748,17.378,16.923,16.388,15.799,15.185,14.571,13.98,13.43,12.936,12.512,12.178,11.964,11.898,11.975,12.176,12.473,12.822,13.173,13.478,13.699,13.814,13.815,13.713,13.542,13.332,,
Ghana,46.807,47.02,47.197,47.332,47.418,47.447,47.412,47.316,47.162,46.955,46.7,46.403,46.073,45.72,45.353,44.982,44.613,44.247,43.885,43.525,43.168,42.808,42.44,42.059,41.662,41.247,40.816,40.37,39.912,39.442,38.955,38.442,37.906,37.353,36.799,36.267,35.787,35.376,35.043,34.787,34.596,34.452,34.326,34.189,34.024,33.82,33.569,33.28,32.957,32.602,32.213,31.792,31.342,30.872,,
Guinea,45.959,45.755,45.548,45.346,45.162,45.012,44.911,44.868,44.887,44.967,45.108,45.301,45.532,45.783,46.04,46.292,46.532,46.755,46.957,47.128,47.264,47.362,47.423,47.446,47.429,47.369,47.261,47.106,46.906,46.661,46.372,46.038,45.663,45.254,44.82,44.368,43.906,43.442,42.982,42.531,42.094,41.675,41.269,40.873,40.485,40.103,39.724,39.345,38.961,38.571,38.172,37.763,37.343,36.915,,
Gambia,49.297,49.531,49.677,49.757,49.793,49.816,49.851,49.91,50.003,50.135,50.313,50.536,50.783,51.028,51.253,51.429,51.529,51.539,51.455,51.275,51.008,50.666,50.278,49.87,49.461,49.067,48.698,48.354,48.034,47.739,47.469,47.22,46.985,46.756,46.532,46.312,46.098,45.893,45.697,45.506,45.316,45.118,44.909,44.687,44.454,44.222,44.004,43.811,43.642,43.492,43.345,43.181,42.98,42.729,,
Guinea Bissau,39.802,39.337,38.65,37.679,36.51,35.522,35.24,36.018,37.973,40.953,44.479,47.877,50.51,51.965,52.145,51.232,49.65,48.007,46.766,46.084,45.962,46.239,46.598,46.794,46.769,46.525,46.132,45.713,45.362,45.095,44.9,44.738,44.55,44.295,43.967,43.574,43.14,42.702,42.289,41.91,41.573,41.273,40.994,40.722,40.45,40.172,39.882,39.579,39.263,38.932,38.585,38.223,37.85,37.468,,
Equatorial Guinea,40.244,40.251,40.318,40.434,40.572,40.678,40.685,40.544,40.227,39.728,39.022,38.094,37.009,35.867,34.775,33.906,33.441,33.472,34.031,35.096,36.603,38.433,40.389,42.281,43.98,45.363,46.354,46.977,47.267,47.236,46.914,46.349,45.624,44.819,43.99,43.179,42.404,41.657,40.939,40.268,39.671,39.166,38.751,38.415,38.147,37.925,37.724,37.515,37.274,36.986,36.645,36.25,35.819,35.363,,
Greece,18.9,17.9,18,17.5,18,17.7,18,18.8,18.4,17.6,16.5,16,15.9,15.4,16.1,15.7,16,15.4,15.5,15.5,15.4,14.5,14,13.5,12.7,11.7,11.3,10.6,10.7,10.1,10.1,10,10,9.7,9.8,9.5,9.4,9.5,9.3,9.2,9.5,9.3,9.4,9.5,9.6,9.7,10.1,10,10.6,10.5,10.3,9.6,9,8.5,,
Grenada,44.853,43.465,41.625,39.425,37.01,34.594,32.398,30.578,29.233,28.411,28.084,28.145,28.407,28.716,29.01,29.273,29.54,29.872,30.298,30.793,31.323,31.848,32.309,32.649,32.818,32.749,32.386,31.733,30.822,29.695,28.415,27.061,25.719,24.466,23.35,22.397,21.602,20.924,20.33,19.818,19.399,19.087,18.888,18.796,18.796,18.868,18.991,19.137,19.279,19.392,19.457,19.464,19.415,19.314,,
Greenland,,,,,,,,,,,,,,19.2,17.5,16.4,17.3,18.6,17.7,18.1,20.6,20.7,20.4,19.1,20,21.7,19.7,20.4,22.1,21.9,22.6,21.5,22.4,21.4,20.5,19.7,18.8,19.6,17.5,16.8,15.6,16.7,16.9,15.5,15.7,15.6,14.8,15.1,14.8,15.9,15.3,14.4,13.9,14.5,,
Guatemala,46.361,46.154,45.957,45.754,45.533,45.295,45.048,44.812,44.599,44.413,44.257,44.132,44.029,43.938,43.852,43.763,43.664,43.549,43.409,43.234,43.005,42.701,42.321,41.876,41.382,40.874,40.393,39.972,39.628,39.365,39.17,39.015,38.86,38.676,38.449,38.18,37.88,37.569,37.258,36.949,36.63,36.288,35.911,35.492,35.036,34.551,34.053,33.557,33.079,32.624,32.193,31.784,31.386,30.991,,
Guam,37.601,37.994,38.025,37.659,36.928,35.932,34.819,33.754,32.863,32.201,31.779,31.555,31.419,31.279,31.098,30.836,30.472,30.022,29.514,28.968,28.431,27.964,27.602,27.358,27.22,27.14,27.044,26.866,26.566,26.138,25.615,25.055,24.526,24.076,23.718,23.439,23.206,22.967,22.684,22.343,21.936,21.466,20.956,20.434,19.916,19.424,18.978,18.588,18.257,17.99,17.781,17.622,17.494,17.381,,
Guyana,38.774,37.82,36.887,36.032,35.298,34.721,34.317,34.059,33.916,33.87,33.926,34.095,34.347,34.623,34.848,34.882,34.573,33.857,32.732,31.25,29.53,27.746,26.084,24.694,23.649,22.983,22.672,22.596,22.644,22.761,22.888,22.98,23.026,23.016,22.94,22.798,22.604,22.393,22.196,22.031,21.924,21.897,21.946,22.054,22.199,22.336,22.41,22.383,22.233,21.961,21.585,21.14,20.683,20.258,,
High income,22.200608,21.91568506,21.46704171,21.16829719,20.85794309,20.07829788,19.01040504,19.03083962,18.64393001,18.43975391,18.29166982,18.0556392,17.38424868,17.03844678,16.87512111,16.47738058,16.30455757,16.18102592,15.97977582,16.073857,16.03241782,15.82868143,15.83195612,15.67124814,15.3970975,15.2528268,15.0896476,15.03848567,14.95507635,14.66898825,14.59406341,14.21690271,13.83860853,13.37870022,13.16551257,12.85788757,12.70095137,12.5170623,12.40347803,12.21119139,12.33372744,12.06953888,12.01782808,12.0530006,12.00417074,11.90242391,12.08303978,12.26136032,12.33802791,12.14579676,12.04384296,11.87135515,11.90425268,11.63945817,,
"Hong Kong SAR, China",35.923,35,34,33.5,30.7,28.1,25.3,23.7,21.7,21.3,20,19.7,19.5,19.4,19.1,17.9,17.4,17.5,17.3,16.8,17,16.8,16.4,15.6,14.4,14,13,12.6,13.4,12.3,12,12,12.3,12,11.9,11.2,9.9,9.1,8.1,7.8,8.1,7.2,7.1,6.9,7.2,8.4,9.6,10.2,11.3,11.8,12.6,13.5,12.8,7.9,,
Honduras,50.296,49.995,49.717,49.466,49.237,49.009,48.754,48.449,48.082,47.656,47.191,46.717,46.264,45.854,45.49,45.168,44.87,44.57,44.245,43.884,43.477,43.022,42.527,42.003,41.457,40.906,40.365,39.844,39.345,38.863,38.381,37.877,37.329,36.725,36.066,35.355,34.604,33.836,33.075,32.334,31.628,30.967,30.349,29.774,29.243,28.758,28.317,27.913,27.536,27.178,26.831,26.487,26.14,25.786,,
Heavily indebted poor countries (HIPC),48.18968411,48.18689824,48.17700376,48.15886828,48.13291776,48.10180642,48.06997106,48.04143526,48.01900908,48.00254294,47.99079797,47.98065838,47.96690354,47.94437854,47.90907075,47.85908835,47.79426078,47.71609916,47.62499219,47.51965049,47.39875657,47.25994991,47.10298706,46.93025945,46.74446612,46.54892307,46.34625291,46.13718859,45.92190566,45.69943505,45.47348551,45.25041929,45.03328717,44.82076429,44.60844099,44.38881435,44.15455181,43.90055727,43.62319471,43.32172284,42.99529772,42.6438903,42.27084523,41.87920379,41.47053216,41.04852551,40.61669858,40.17929353,39.73996659,39.30165069,38.86557536,38.43072821,37.99501316,37.55826217,,
Croatia,18.4,17.8,17.2,16.5,16.2,16.6,16.5,15.5,15,14.5,13.8,14.6,14.8,15.1,15,14.9,14.8,14.9,15,15.1,14.8,14.6,14.4,14.1,13.9,13.3,12.8,12.5,12.3,11.7,11.6,11.1,10.3,10.6,10.4,10.9,11.8,12.2,10.4,10,9.8,9.2,9,8.9,9.1,9.563,9.33,9.4,9.9,10.1,9.8,9.6,9.8,9.4,,
Haiti,44.157,43.901,43.583,43.194,42.734,42.202,41.597,40.946,40.288,39.66,39.113,38.699,38.444,38.361,38.456,38.739,39.213,39.83,40.52,41.216,41.823,42.246,42.434,42.36,42.02,41.438,40.667,39.8,38.916,38.061,37.266,36.544,35.872,35.23,34.618,34.029,33.45,32.872,32.291,31.706,31.127,30.563,30.028,29.529,29.068,28.642,28.244,27.864,27.492,27.121,26.75,26.376,26.003,25.633,,
Hungary,14.7,14,12.9,13.1,13.1,13.1,13.6,14.6,15.1,15,14.7,14.5,14.7,15,17.8,18.4,17.5,16.7,15.7,15,13.9,13.3,12.5,11.9,11.8,12.2,12.1,11.9,11.7,11.8,12.1,12.3,11.7,11.3,11.2,10.8,10.2,9.8,9.5,9.2,9.6,9.5,9.5,9.3,9.4,9.7,9.9,9.7,9.9,9.6,9,8.8,9.1,9.2,,
Indonesia,44.58,44.3,43.959,43.578,43.169,42.737,42.275,41.77,41.215,40.617,39.982,39.318,38.638,37.951,37.266,36.592,35.935,35.294,34.662,34.033,33.391,32.716,31.998,31.234,30.432,29.607,28.782,27.982,27.226,26.522,25.868,25.247,24.645,24.056,23.486,22.955,22.49,22.111,21.827,21.633,21.521,21.477,21.468,21.465,21.444,21.376,21.241,21.037,20.767,20.435,20.051,19.633,19.204,18.787,,
Isle of Man,14.1,13.8,14.1,14.8,14.4,14.9,12.7,14,13.7,15.3,16.9,14.3,15,14.4,12.9,11.7,11.9,10.9,11.1,11.9,11.5,,,,,11.2,,,11.7,12.1,,12.8,12.2,,13.7,,11.6,,,,,,11.4,,,11.4,,11.4,,,,,,,,
India,42.008,41.671,41.333,41.001,40.673,40.342,39.994,39.619,39.213,38.783,38.343,37.915,37.515,37.154,36.833,36.544,36.272,35.997,35.702,35.381,35.034,34.668,34.292,33.912,33.526,33.127,32.704,32.25,31.76,31.239,30.69,30.123,29.55,28.983,28.43,27.901,27.402,26.93,26.481,26.049,25.622,25.186,24.73,24.253,23.757,23.259,22.779,22.335,21.937,21.589,21.281,20.999,20.723,20.438,,
Not classified,,,,,,,,,,,,,,,,,,,,,,,,,,,,,,,,,,,,,,,,,,,,,,,,,,,,,,,,
Ireland,21.5,21.2,21.8,22.2,22.4,22.1,21.5,21.1,20.9,21.5,21.8,22.6,22.6,22.3,22,21.1,20.9,21,21.1,21.5,21.7,20.9,20.3,19.1,18.1,17.6,17.4,16.5,15.5,14.8,15.1,14.9,14.4,13.8,13.4,13.5,13.9,14.4,14.5,14.4,14.4,15,15.4,15.4,15.2,14.8,15.3,16.2,16.7,16.7,16.5,16.2,15.7,15,,
Iran,47.914,47.344,46.755,46.158,45.563,44.972,44.384,43.803,43.243,42.727,42.287,41.96,41.764,41.705,41.78,42,42.373,42.858,43.391,43.903,44.298,44.486,44.405,44.014,43.288,42.208,40.784,39.09,37.212,35.216,33.168,31.12,29.114,27.195,25.415,23.816,22.418,21.207,20.174,19.325,18.672,18.228,17.976,17.89,17.937,18.084,18.3,18.551,18.795,18.995,19.11,19.112,19.003,18.79,,
Iraq,42.164,42.542,43.167,43.936,44.739,45.453,45.97,46.258,46.301,46.088,45.644,45.028,44.334,43.643,42.996,42.411,41.882,41.38,40.886,40.406,39.957,39.557,39.219,38.945,38.732,38.563,38.417,38.271,38.107,37.918,37.71,37.495,37.29,37.106,36.942,36.793,36.649,36.495,36.32,36.117,35.882,35.614,35.318,35.001,34.663,34.307,33.933,33.543,33.141,32.731,32.317,31.905,31.496,31.093,,
Iceland,28,25.5,25.8,26,25.3,24.6,24,22.2,21,20.7,19.7,20.8,22.4,21.7,19.9,20.1,19.5,18,18.6,19.8,19.8,18.8,18.5,18.4,17.2,16,16.4,16.6,18.7,18,18.7,17.6,17.7,17.5,16.7,16,16.1,15.3,15.2,14.8,15.3,14.4,14.1,14.3,14.5,14.4,14.5,14.6,15.2,15.8,15.4,14.1,14.1,13.4,,
Israel,26.9,25.1,24.9,25,25.7,25.8,25.5,23.7,24.9,25.6,26.1,28,27.2,27,27.5,27.6,27.9,26.3,25,24.7,24.3,23.6,24,24,23.7,23.5,23.1,22.7,22.6,22.3,22.2,21.4,21.5,21.3,21.2,21.1,21.3,21.4,21.9,21.5,21.7,21.2,21.2,21.7,21.3,20.8,21,21.1,21.5,21.5,21.8,21.4,21.6,21.3,,
Italy,18.1,18.4,18.4,18.7,19.7,19,18.7,17.9,17.7,17.4,16.7,16.8,16.3,16,15.8,14.9,14,13.2,12.6,11.9,11.3,11,10.9,10.6,10.4,10.2,9.8,9.7,10.1,9.9,10,9.9,10,9.7,9.4,9.2,9.3,9.4,9.4,9.4,9.5,9.4,9.4,9.5,9.8,9.6,9.6,9.7,9.8,9.6,9.5,9.2,9,8.5,,
Jamaica,41.316,41.587,41.681,41.589,41.311,40.833,40.143,39.259,38.22,37.07,35.862,34.644,33.465,32.371,31.403,30.606,30.01,29.595,29.328,29.179,29.098,29.028,28.917,28.728,28.444,28.066,27.617,27.14,26.673,26.229,25.2,25.1,24.3,23.6,24.1,25.5,23.5,23.4,22.2,20.8,20.7,18.92,18.15,17.36,17.02,17.54,16.3,16.29,16.14,15.96,15.05,14.69,14.53,13.54,,
Jordan,51.71,52.439,53.011,53.372,53.496,53.389,53.084,52.648,52.13,51.546,50.881,50.102,49.186,48.134,46.979,45.781,44.614,43.535,42.582,41.764,41.053,40.39,39.711,38.974,38.18,37.358,36.561,35.846,35.253,34.786,34.437,34.175,33.953,33.728,33.478,33.183,32.832,32.436,32.016,31.585,31.174,30.821,30.546,30.353,30.229,30.143,30.05,29.902,29.665,29.322,28.869,28.317,27.699,27.046,,
Japan,17.3,17,17.1,17.4,17.8,18.7,13.8,19.4,18.7,18.5,18.7,19.1,19.2,19.4,18.4,17,16.2,15.4,14.8,14.1,13.5,13,12.8,12.7,12.5,11.9,11.4,11.1,10.8,10.2,10,9.9,9.8,9.6,10,9.54,9.6,9.5,9.6,9.3,9.4,9.3,9.3,9.2,8.693604565,8.413292219,8.65,8.63,8.7,8.5,8.5,8.3,8.2,8.2,,
Kazakhstan,35.418,34.793,33.89,32.724,31.358,29.903,28.491,27.241,26.235,25.511,25.057,24.814,24.677,24.562,24.44,24.31,24.196,24.138,24.16,24,23.9,24.4,24.4,24.5,25.5,25.1,25.6,25.7,24.8,23,21.7,21,19.9,18.6,18.2,16.7,15.9,14.7,14.3,14.2,14.7,14.9,14.6,16.63,18.19,18.42,19.71,20.79,22.75,22.15,22.54,22.52,22.69,22.73,,
Kenya,51.273,51.172,51.061,50.948,50.841,50.752,50.695,50.67,50.674,50.7,50.735,50.762,50.763,50.725,50.639,50.505,50.332,50.129,49.902,49.646,49.356,49.024,48.64,48.19,47.667,47.039,46.274,45.375,44.364,43.278,42.177,41.129,40.194,39.417,38.826,38.438,38.25,38.211,38.27,38.389,38.532,38.668,38.773,38.825,38.8,38.676,38.442,38.11,37.699,37.218,36.681,36.104,35.505,34.904,,
Kyrgyzstan,38.348,38.319,38.005,37.387,36.496,35.41,34.238,33.101,32.093,31.261,30.601,30.063,29.572,29.088,28.625,28.245,28.039,28.066,28.348,28.863,29.6,30.7,31.1,31.3,32,32,32.7,32.7,31.5,30.4,29.3,29.1,28.6,26.1,24.6,26,23.6,22,21.9,21.5,19.8,19.8,19.2,20.9,21.6,21.4,23.3,23.4,23.9,25.2,26.8,27.1,27.6,27.2,,
Cambodia,46.645,46.371,46.085,45.779,45.45,45.097,44.723,44.334,43.937,43.532,43.083,42.537,41.896,41.203,40.532,40.059,39.992,40.431,41.386,42.78,44.439,46.118,47.555,48.541,48.97,48.793,48.048,46.9,45.506,43.945,42.273,40.521,38.709,36.876,35.082,33.391,31.852,30.484,29.299,28.315,27.545,26.99,26.612,26.372,26.238,26.183,26.182,26.215,26.253,26.266,26.225,26.109,25.917,25.652,,
Kiribati,47.045,47.034,47.059,47.115,47.153,46.996,46.418,45.301,43.636,41.521,39.193,36.971,35.152,33.94,33.401,33.502,34.101,34.925,35.741,36.438,36.938,37.222,37.355,37.392,37.337,37.206,37.02,36.797,36.549,36.277,35.971,35.613,35.185,34.67,34.067,33.367,32.564,31.675,30.725,29.741,28.758,27.806,26.911,26.098,25.387,24.796,24.333,23.98,23.719,23.535,23.413,23.339,23.294,23.261,,
St. Kitts and Nevis,,,,,,,,,,,25.8,,,,,,26.9,27.8,24.1,27.7,26.8,25.9,29.1,24.1,25.3,23.1,23,23.6,21.3,22.3,,,21.5,,,19.4,19.7,20.5,,,,17.3,17.3,,,,,,,,,,,,,
South Korea,43.952,42.657,41.11,39.442,37.777,36.245,34.94,33.859,32.971,32.257,31.2,31.2,28.4,28.3,26.6,24.8,22.2,22.7,20.3,23,22.6,22.4,21.6,19.3,16.7,16.1,15.4,15,15.1,15.1,15.2,16.4,16.7,16,16,15.7,15,14.4,13.6,13,13.3,11.6,10.2,10.2,9.8,8.9,9.2,10,9.4,9,9.4,9.4,9.6,8.6,,
Kosovo,,,,,,,,,,,,,,,,,,,,,,31,33.4,30.8,33.5,32.1,31.8,32.1,31.4,29.4,29.6,27.5,23,22.5,21.8,22.1,22.4,20.6,21.2,22.7,22.8,21.7,20.8,18.3,20,20.9,19.1,19.3,19,18.8,18.5,18.3,18,17.7,,
Kuwait,41.404,42.235,43.25,44.382,45.55,46.667,47.655,48.461,49.033,49.323,49.278,48.862,48.118,47.11,45.894,44.576,43.277,42.071,40.987,40.018,39.075,38.024,36.741,35.153,33.264,31.079,28.634,26.073,23.568,21.269,19.424,18.285,17.92,18.296,19.311,20.717,22.178,23.373,24.081,24.223,23.854,23.147,22.383,21.777,21.401,21.263,21.31,21.41,21.463,21.435,21.314,21.107,20.852,20.575,,
Latin America & Caribbean (developing only),44.03310229,43.77831481,43.43645752,42.9951576,42.45720689,41.83772012,41.16248049,40.46691028,39.78164626,39.12369606,38.49733704,37.91340987,37.34667726,36.78804303,36.23594635,35.69194868,35.16068226,34.64281846,34.1362371,33.63533018,33.13131509,32.6088474,32.06265254,31.48811263,30.88637709,30.26627554,29.63138403,28.9973518,28.38252758,27.79308703,27.2372424,26.73482382,26.27057001,25.84514548,25.45759594,25.09966313,24.73319146,24.38212015,24.01506735,23.63342836,23.23168282,22.78657478,22.31606643,21.82612047,21.32356775,20.82705333,20.33735627,19.88788363,19.47736818,19.11028319,18.7804368,18.48941555,18.21925601,17.95384699,,
Lao PDR,43.255,43.097,42.973,42.88,42.818,42.786,42.784,42.808,42.849,42.9,42.946,42.973,42.975,42.95,42.899,42.83,42.757,42.695,42.655,42.642,42.665,42.727,42.819,42.926,43.031,43.125,43.204,43.249,43.233,43.123,42.867,42.411,41.737,40.847,39.753,38.467,37.008,35.439,33.844,32.3,30.921,29.816,29.024,28.544,28.354,28.383,28.525,28.653,28.671,28.532,28.226,27.781,27.272,26.759,,
Lebanon,38.374,37.938,37.425,36.837,36.187,35.495,34.786,34.09,33.434,32.839,32.323,31.896,31.549,31.266,31.033,30.837,30.662,30.488,30.296,30.067,29.783,29.431,29.014,28.54,28.015,27.452,26.869,26.283,25.708,25.152,24.621,24.12,23.634,23.15,22.655,22.127,21.543,20.891,20.169,19.383,18.535,17.631,16.698,15.775,14.9,14.128,13.514,13.079,12.828,12.751,12.822,12.998,13.218,13.426,,
Liberia,49.024,49.116,49.164,49.173,49.152,49.114,49.074,49.043,49.029,49.033,49.055,49.087,49.116,49.133,49.131,49.113,49.081,49.04,48.99,48.924,48.834,48.71,48.543,48.327,48.059,47.73,47.332,46.873,46.371,45.845,45.331,44.869,44.48,44.175,43.949,43.786,43.656,43.517,43.335,43.089,42.765,42.36,41.888,41.367,40.806,40.214,39.601,38.977,38.352,37.737,37.141,36.568,36.016,35.485,,
Libya,50.841,50.693,50.471,50.18,49.825,49.415,48.958,48.466,47.953,47.431,46.919,46.435,45.98,45.544,45.116,44.678,44.208,43.68,43.066,42.348,41.494,40.477,39.304,38,36.595,35.136,33.676,32.264,30.941,29.733,28.64,27.641,26.701,25.804,24.956,24.187,23.534,23.026,22.673,22.469,22.395,22.426,22.515,22.617,22.7,22.733,22.699,22.599,22.438,22.209,21.912,21.551,21.138,20.687,,
St. Lucia,48.9,47.904,46.807,45.68,44.577,43.524,42.512,41.518,40.534,39.59,38.748,38.079,37.612,37.342,37.237,37.223,37.199,37.07,36.772,36.283,35.619,34.835,34.013,33.219,32.475,31.783,31.127,30.467,29.773,29.037,28.253,27.42,26.551,25.662,24.761,23.856,22.947,22.043,21.161,20.32,19.553,18.895,18.358,17.941,17.635,17.413,17.235,17.063,16.863,16.621,16.338,16.028,15.718,15.43,,
Latin America & Caribbean (all income levels),41.56655246,41.33685418,41.03081174,40.62560338,40.13014622,39.55396424,38.91100668,38.24840167,37.61078631,37.01086845,36.45380614,35.95813921,35.4669921,35.00074928,34.56324603,34.12029382,33.69107028,33.26427296,32.8275705,32.38055459,31.92047305,31.43719759,30.93266565,30.40791376,29.86706488,29.32205578,28.76575953,28.2083601,27.6594327,27.12575024,26.60992952,26.13222799,25.68149495,25.26216363,24.86815324,24.49634193,24.12130018,23.75641747,23.38287815,23.00306763,22.61252661,22.1844381,21.74320677,21.29289229,20.84157692,20.39688091,19.95709911,19.55340447,19.18680269,18.85437848,18.54988372,18.27765875,18.01972402,17.7688198,,
Least developed countries: UN classification,47.81703158,47.75489102,47.68830327,47.61725364,47.54081173,47.45900995,47.37232561,47.28078198,47.18573541,47.08664614,46.98367691,46.87567785,46.7629001,46.64555931,46.52371533,46.40203264,46.28539954,46.17261361,46.05658436,45.92795064,45.77534206,45.58734013,45.35775739,45.08415926,44.76720124,44.40946803,44.01688598,43.60109234,43.17361191,42.74281766,42.31772984,41.90653171,41.51061363,41.12561619,40.74682393,40.36648064,39.97852835,39.57878058,39.16665605,38.74519862,38.31641702,37.8809542,37.44097781,37.00015828,36.56019714,36.12544181,35.70036069,35.28755394,34.88792146,34.50077234,34.12506701,33.75835941,33.39678617,33.03832219,,
Low income,47.23508801,47.1357338,47.05323094,47.00070716,46.98034915,46.98638643,47.0071916,47.02298337,47.01708612,46.9818993,46.90736615,46.78479847,46.62115066,46.42943922,46.22372868,46.03022515,45.87731097,45.77878732,45.73365484,45.73060056,45.75226085,45.77672849,45.78090686,45.74812744,45.67186615,45.54938311,45.3843687,45.18905934,44.97383503,44.74183152,44.5004332,44.25934985,44.02321217,43.79226397,43.56321593,43.32823802,43.07780973,42.80455283,42.50409429,42.17720373,41.82542036,41.45181779,41.06167391,40.6595488,40.24657122,39.82464701,39.39470189,38.95850805,38.51830371,38.07731468,37.63932232,37.20717962,36.78207707,36.3658973,,
Liechtenstein,23.1,21.3,20.6,22,20.6,20.6,18.9,20.4,20.7,19.9,20,16.2,16.2,17.7,13.9,12.8,14.4,12.6,12.5,14.5,15.4,14.4,14.6,13.2,15.2,13.9,12.9,13.2,14.9,13.2,13.2,14.2,12.7,13.8,11.7,13.8,13.1,13.9,12.6,12.4,12.9,12.1,11.7,10.2,10.8,11,10.3,10,9.9,11.4,9.1,10.9,9.7,9.2,,
Sri Lanka,36.997,36.356,35.698,35.06,34.46,33.89,33.317,32.706,32.039,31.327,30.608,29.929,29.332,28.841,28.459,28.174,27.963,27.777,27.57,27.315,26.976,26.525,25.968,25.321,24.602,23.84,23.075,22.345,21.684,21.107,20.621,20.214,19.862,19.545,19.259,19.009,18.801,18.645,18.542,18.486,18.472,18.49,18.527,18.57,18.606,18.631,18.641,18.636,18.614,18.566,18.477,18.332,18.127,17.863,,
Lower middle income,42.63671507,42.31685357,41.97978728,41.63800797,41.29598109,40.95891019,40.62374109,40.28521344,39.93957996,39.59034514,39.24590085,38.91040209,38.58860675,38.28855638,38.00871913,37.74603574,37.49404448,37.24247832,36.98023939,36.68059223,36.37569052,36.04157193,35.70554885,35.3764203,34.98729943,34.56341363,34.13696021,33.63179785,33.09128472,32.50757353,31.96482799,31.40105334,30.80485311,30.21199723,29.63210123,29.11758531,28.5894302,28.09963773,27.64042619,27.21923198,26.83095316,26.46508417,26.14502491,25.79241606,25.47998125,25.14812157,24.8591529,24.58929779,24.33432452,24.07647942,23.8165305,23.55788739,23.3038606,23.04404649,,
Low & middle income,35.95660497,35.02556807,40.65138115,42.35145911,40.81785066,40.18031334,39.05956299,38.57072314,38.81436097,38.07653755,37.59523327,36.47899634,35.96389899,35.1708946,34.02378622,33.27245235,32.15588125,31.70742301,31.35065568,31.05904663,31.00900364,31.621623,31.80619451,30.98659898,30.67034398,30.72193804,30.83285831,30.74180265,30.10216235,29.484245,28.95432753,28.16840366,27.43395065,27.01649566,26.55723515,26.04959955,25.68989293,25.28291489,24.75541338,24.23300848,23.83886299,23.44207618,23.10503383,22.78438263,22.57013356,22.40080751,22.15041815,21.99193716,21.8536989,21.69264715,21.48066167,21.32849346,21.21414216,21.04656049,,
Lesotho,42.222,42.234,42.252,42.277,42.31,42.352,42.407,42.472,42.54,42.605,42.658,42.693,42.701,42.673,42.601,42.477,42.298,42.063,41.774,41.432,41.033,40.572,40.054,39.489,38.89,38.266,37.628,36.989,36.365,35.772,35.236,34.781,34.408,34.107,33.86,33.627,33.357,33.015,32.581,32.055,31.459,30.83,30.219,29.668,29.197,28.82,28.537,28.326,28.16,28.026,27.904,27.778,27.636,27.468,,
Lithuania,22.5,22.2,20.9,19.7,19,18.1,18,17.7,17.6,17.5,17.7,17.6,17,16,15.9,15.7,15.7,15.5,15.3,15.3,15.2,15.2,15.4,16.5,16.4,16.5,16.7,16.4,15.5,15.1,15.4,15.1,14.7,12.9,11.6,11.4,10.8,10.6,10.4,10.3,9.8,9,8.6,8.8,8.8,8.9,9.1,9.3,9.9,10.2,9.9,10,10.2,10.1,,
Luxembourg,16,16.1,16,15.8,16,16,15.6,14.8,14,13.3,13,13,11.8,10.8,11.1,11.1,10.9,11.2,11.2,11.2,11.4,12.1,11.8,11.4,11.5,11.2,11.7,11.4,12.3,12.4,12.9,12.9,13.1,13.5,13.5,13.3,13.7,13.1,12.7,13,13.1,12.4,12,11.7,11.9,11.5,11.7,11.4,11.5,11.3,11.6,10.9,11.3,11.3,,
Latvia,16.7,16.7,16.1,15.3,14.8,13.8,14,14,14.1,14,14.6,14.8,14.6,14.1,14.3,14.2,14,13.8,13.7,13.8,14.1,14.2,14.8,15.9,15.9,15.4,16.1,16,15.6,14.6,14.2,13.1,12.1,10.4,9.6,8.7,8.1,7.7,7.6,8.1,8.6,8.4,8.7,9.2,9.1,9.8,10.3,10.9,11.2,10.3,9.4,9.1,9.8,10.2,,
"Macao SAR, China",30.874,28.721,26.351,23.865,21.378,19.007,16.847,14.937,13.31,11.999,10.993,10.242,9.681,9.275,9.036,9.052,9.443,10.266,11.512,13.108,14.933,16.836,18.641,20.186,21.362,22.068,22.251,21.983,21.353,20.421,19.272,17.999,16.695,15.441,14.294,13.269,12.345,11.47,10.617,9.804,9.073,8.476,8.051,7.817,7.769,7.888,8.141,8.472,8.826,9.171,9.481,9.747,9.978,10.179,,
St. Martin (French part),,,,,,,,,,,,,,,,,,,,,,,21,23.4,24.3,25,23.9,25.2,25.5,26.1,24.9,23.8,22.2,20.7,20.1,19.5,18.9,18.4,17.9,17.6,17.4,17.3,17.3,17.3,17.4,17.5,17.5,17.4,17.2,17,16.8,16.6,16.3,16,,
Morocco,50.861,50.381,49.786,49.085,48.296,47.444,46.556,45.664,44.796,43.976,43.222,42.544,41.93,41.371,40.863,40.412,40.027,39.695,39.393,39.09,38.733,38.265,37.656,36.895,35.99,34.974,33.901,32.831,31.815,30.871,29.998,29.172,28.354,27.521,26.672,25.814,24.959,24.133,23.359,22.653,22.022,21.464,20.978,20.57,20.253,20.076,20.095,20.32,20.726,21.263,21.833,22.322,22.636,22.712,,
Monaco,,,,,,,,,,,,,,,,,,,,,,,,,,,,,,,,,,,,,,,,,,,,,,,,,,,,,,,,
Moldova,27.697,26.863,25.91,24.869,23.784,22.725,21.761,20.944,20.307,19.867,19.619,19.535,19.556,19.633,19.741,19.874,20.039,20.248,20.5,20.776,21.062,21.347,21.606,21.809,21.918,21.876,21.625,21.151,20.466,19.596,18.592,17.518,16.454,15.466,14.596,13.868,13.277,12.79,12.379,12.042,11.785,11.623,11.556,11.577,11.669,11.807,11.965,12.118,12.243,12.323,12.348,12.317,12.245,12.141,,
Madagascar,48.703,48.585,48.466,48.351,48.249,48.175,48.144,48.157,48.209,48.288,48.385,48.486,48.567,48.6,48.555,48.369,47.973,47.361,46.564,45.639,44.706,43.911,43.362,43.12,43.19,43.521,44.016,44.53,44.947,45.209,45.292,45.208,45.017,44.764,44.457,44.09,43.649,43.124,42.518,41.845,41.123,40.375,39.626,38.901,38.221,37.602,37.057,36.576,36.153,35.783,35.46,35.175,34.916,34.67,,
Maldives,55.476,55.782,55.838,55.673,55.32,54.795,54.103,53.258,52.288,51.235,50.124,48.968,47.798,46.662,45.625,44.798,44.294,44.147,44.341,44.829,45.526,46.317,47.054,47.597,47.849,47.711,47.122,46.126,44.789,43.162,41.321,39.358,37.37,35.441,33.625,31.937,30.349,28.812,27.307,25.86,24.528,23.382,22.47,21.816,21.417,21.262,21.322,21.523,21.785,22.047,22.236,22.292,22.201,21.957,,
Middle East & North Africa (all income levels),47.66530488,47.25694972,46.86178416,46.45101953,46.03566061,45.58143389,45.09846322,44.55737956,44.0785877,43.59091256,43.1223521,42.73396682,42.34875536,42.04028087,41.81943017,41.65846636,41.56049258,41.45650149,41.36022613,41.25873966,41.09019588,40.81974983,40.46009822,39.95933704,39.31798729,38.52614634,37.58553747,36.53146053,35.40581704,34.23246654,33.08693478,31.94196789,30.96455613,29.901751,28.89537538,27.90917198,27.09383987,26.35500017,25.68143204,25.06381064,24.58527991,24.17681963,23.88039021,23.70141484,23.55899772,23.49313074,23.47980284,23.4945075,23.48437086,23.46528048,23.42896183,23.29933026,23.12023706,22.8631322,,
Mexico,45.743,45.345,44.976,44.648,44.367,44.143,43.987,43.875,43.775,43.65,43.437,43.069,42.513,41.757,40.811,39.705,38.489,37.238,36.02,34.877,33.842,32.927,32.115,31.387,30.742,30.178,29.692,29.27,28.898,28.558,28.235,27.919,27.599,27.267,26.914,26.529,26.106,25.65,25.168,24.665,24.148,23.627,23.112,22.611,22.128,21.666,21.221,20.789,20.365,19.949,19.544,19.15,18.771,18.407,,
Marshall,,,,,,,,,,,,,,,,,,,,,,,,,,,,39,,,,,,,,,26.1,,,41.8,,,,,,35,35,35,,,,31.26012001,,,,
Middle income,35.05325224,34.04634668,40.13207953,41.97507431,40.31952445,39.63027667,38.41810224,37.88860669,38.15227879,37.35776275,36.84363602,35.64707685,35.10271603,34.25975341,33.03469725,32.23590087,31.03847507,30.55870671,30.17386351,29.85602736,29.79704558,30.45548243,30.65229124,29.76425502,29.42323444,29.48367629,29.61168787,29.52294929,28.83966306,28.17937756,27.6138721,26.76986432,25.97293326,25.52132817,25.02323904,24.47524939,24.08711367,23.64929888,23.0814248,22.52007108,22.0999129,21.67713217,21.32042783,20.98224323,20.76208083,20.59260244,20.33467089,20.17888288,20.0464316,19.88925433,19.67540831,19.5275397,19.42113376,19.25522083,,
Macedonia,30.9,30.272,29.578,28.827,28.041,27.254,26.505,25.822,25.226,24.725,24.316,23.984,23.695,23.423,23.154,22.885,22.618,22.359,22.111,21.865,21.61,21.329,21.016,20.666,20.279,19.868,19.448,19.035,18.637,18.25,17.86,17.44,16.974,16.454,15.886,15.285,14.674,14.081,13.532,13.042,12.622,12.277,11.994,11.76,11.571,11.418,11.295,11.194,11.105,11.023,10.942,10.859,10.776,10.694,,
Mali,49.113,49.166,49.215,49.26,49.301,49.333,49.351,49.351,49.332,49.298,49.251,49.2,49.151,49.109,49.076,49.051,49.034,49.019,48.998,48.969,48.926,48.86,48.773,48.665,48.54,48.402,48.257,48.112,47.978,47.86,47.768,47.708,47.678,47.678,47.704,47.753,47.821,47.899,47.98,48.055,48.119,48.168,48.202,48.218,48.213,48.188,48.142,48.076,47.991,47.883,47.747,47.577,47.372,47.129,,
Malta,26.2,23.6,23.2,20.7,19.9,17.7,16.9,17,16.7,16.7,17.6,18.4,17.8,17.4,18,18.8,18.6,18.9,18.2,18.6,17.7,16.6,18.1,17.1,16.9,16.1,15.3,15.4,15.9,15.9,15.2,14.8,15.2,14.1,13.1,12.5,13.5,12.9,12.4,11.6,11.5,10.1,9.9,10.2,9.7,9.6,9.3,9.3,9.8,9.8,9.4,10,9.8,9.5,,
Myanmar,43.791,43.373,42.967,42.573,42.187,41.802,41.414,41.017,40.611,40.196,39.775,39.356,38.945,38.545,38.155,37.783,37.436,37.107,36.777,36.424,36.006,35.476,34.809,34.002,33.064,32.021,30.915,29.8,28.725,27.721,26.814,26.013,25.302,24.659,24.077,23.536,23.016,22.499,21.976,21.448,20.924,20.424,19.969,19.571,19.234,18.952,18.716,18.506,18.306,18.105,17.896,17.674,17.443,17.204,,
Middle East & North Africa (developing only),48.20377178,47.81426161,47.4045128,46.97218337,46.51718132,46.03525102,45.52273889,44.98785019,44.44227608,43.90160019,43.3896611,42.93531926,42.55262761,42.24847351,42.02124632,41.86889227,41.78272137,41.73203125,41.68131319,41.59790233,41.44405425,41.18628908,40.80796489,40.29848802,39.64998556,38.85041281,37.90347536,36.83872043,35.69195873,34.49629085,33.32273966,32.15950706,31.0414283,29.94882917,28.91215098,27.94061557,27.08833455,26.33076937,25.64276137,25.04337858,24.5897261,24.23210355,23.98250677,23.84718867,23.76921493,23.77547539,23.82358489,23.90593746,23.9535376,24.00070294,24.02041409,23.94550262,23.80011703,23.57629878,,
Montenegro,28.965,27.863,26.697,25.518,24.381,23.356,22.501,21.833,21.346,21.032,20.857,20.766,20.693,20.585,20.412,20.165,19.853,19.51,19.161,18.811,18.461,18.106,17.738,17.355,16.958,16.546,16.118,15.681,15.246,14.827,14.445,14.123,13.872,13.694,13.585,13.531,13.51,13.497,13.47,13.418,13.337,13.231,13.114,12.996,12.878,12.758,12.634,12.501,12.359,12.209,12.056,11.902,11.754,11.616,,
Mongolia,45.988,46.784,47.308,47.504,47.368,46.949,46.345,45.681,45.057,44.513,44.045,43.614,43.151,42.615,42.009,41.36,40.712,40.109,39.584,39.145,38.809,38.583,38.429,38.29,38.11,37.794,37.241,36.404,35.272,33.863,32.226,30.441,28.621,26.874,25.266,23.842,22.608,21.539,20.619,19.869,19.333,19.061,19.059,19.305,19.757,20.353,21.02,21.675,22.246,22.678,22.931,22.989,22.887,22.659,,
Northern Mariana Islands,,,,,,,,,,,,,,,,,,,,,,,,,,,,,,,,,,,,,,,,,,,,,,,,,,,,,,,,
Mozambique,48.914,48.811,48.701,48.585,48.464,48.336,48.2,48.055,47.904,47.75,47.602,47.469,47.356,47.263,47.186,47.118,47.052,46.975,46.872,46.735,46.543,46.277,45.939,45.541,45.103,44.656,44.24,43.888,43.62,43.446,43.353,43.318,43.306,43.295,43.282,43.289,43.354,43.5,43.725,44.003,44.284,44.502,44.6,44.54,44.307,43.904,43.353,42.709,42.026,41.336,40.666,40.034,39.441,38.888,,
Mauritania,49.343,49.038,48.693,48.329,47.964,47.611,47.279,46.964,46.661,46.371,46.093,45.824,45.557,45.287,45.009,44.718,44.408,44.079,43.737,43.386,43.038,42.706,42.399,42.123,41.878,41.663,41.469,41.284,41.096,40.9,40.691,40.465,40.226,39.977,39.719,39.454,39.187,38.92,38.654,38.392,38.131,37.873,37.613,37.348,37.077,36.796,36.504,36.2,35.883,35.553,35.207,34.843,34.463,34.069,,
Mauritius,44.208,39.7,38.8,40.4,38.9,36,36,31,31.6,27.7,27.5,26.1,25.3,23,27.3,25.3,25.8,26,27.1,27.5,27.2,25.5,22.6,21,20.1,19,18.6,19.3,20.1,20.8,21.3,20.7,21.1,20.3,19.6,18.3,18.3,17.4,16.7,17.3,17,16.5,16.6,15.9,15.7,15.3,14.3,13.7,13.2,12.3,12,11.7,11.5,10.9,,
Malawi,49.023,49.333,49.652,49.978,50.306,50.638,50.975,51.322,51.68,52.047,52.428,52.831,53.25,53.672,54.076,54.432,54.707,54.879,54.937,54.879,54.719,54.485,54.208,53.909,53.591,53.233,52.797,52.259,51.616,50.891,50.138,49.425,48.805,48.306,47.926,47.623,47.331,46.977,46.519,45.95,45.296,44.608,43.951,43.371,42.884,42.486,42.155,41.851,41.541,41.213,40.865,40.499,40.13,39.77,,
Malaysia,40.987,40.4,39.681,38.834,37.885,36.877,35.864,34.898,34.02,33.252,32.597,32.036,31.532,31.059,30.616,30.216,29.882,29.63,29.467,29.381,29.354,29.359,29.365,29.345,29.285,29.178,29.028,28.851,28.657,28.444,28.217,27.979,27.725,27.442,27.112,26.698,26.155,25.468,24.644,23.707,22.7,21.68,20.709,19.84,19.107,18.536,18.134,17.871,17.71,17.631,17.609,17.62,17.642,17.653,,
North America,23.97152386,23.54426229,22.65481149,21.96414032,21.31043823,19.57472673,18.4837265,17.83726109,17.6,17.87180036,18.30628712,17.16224175,15.62845358,14.87638573,14.85774654,14.71644187,14.69747233,15.13882069,15.01905344,15.58029326,15.85096264,15.75105478,15.82150927,15.54108498,15.54093887,15.71151645,15.49177471,15.57161461,15.8513508,16.24999787,16.52928347,16.06959859,15.6898983,15.21995067,14.81066436,14.40119273,14.16183074,13.94238158,14.01343232,13.90440707,14.05574542,13.75570372,13.67545872,13.74551324,13.66991039,13.66970012,13.96510316,13.9947461,13.73372679,13.28250824,12.81163401,12.53089765,12.44015366,12.33967459,,
Namibia,42.446,42.361,42.286,42.227,42.193,42.207,42.295,42.467,42.715,43.023,43.363,43.7,43.994,44.209,44.323,44.312,44.165,43.9,43.54,43.101,42.609,42.091,41.57,41.066,40.588,40.145,39.733,39.335,38.932,38.511,38.055,37.545,36.976,36.35,35.675,34.967,34.248,33.542,32.868,32.238,31.655,31.116,30.607,30.116,29.64,29.177,28.727,28.291,27.87,27.465,27.077,26.708,26.359,26.028,,
New Caledonia,34,33.2,32.4,33.1,33.8,34.5,34.95,35.4,35.26666667,35.13333333,35,34.8,34.6,33.3,32,31.1,29,28.8,26.4,26.3,26.2,27.7,26.3,25.8,24.8,23.4,24.9,25.7,24.7,23.6,25.6,25.7,24.5,23.5,22.5,21.9,22.3,22.3,21.2,20.6,21.4,19.9,18.9,18.2,17.3,17.2,17.7,16.9,16.2,16.3,16.7,16.2,17,17,,
Niger,55.949,56.157,56.339,56.486,56.591,56.649,56.658,56.623,56.553,56.452,56.321,56.163,55.982,55.787,55.591,55.411,55.263,55.154,55.089,55.066,55.078,55.111,55.148,55.175,55.186,55.178,55.156,55.128,55.098,55.065,55.026,54.98,54.919,54.837,54.728,54.581,54.385,54.14,53.847,53.512,53.141,52.743,52.331,51.92,51.526,51.165,50.851,50.587,50.369,50.194,50.052,49.929,49.808,49.674,,
Nigeria,46.26,46.206,46.128,46.031,45.927,45.839,45.792,45.803,45.878,46.014,46.2,46.418,46.638,46.835,46.991,47.093,47.134,47.12,47.057,46.948,46.793,46.593,46.356,46.092,45.809,45.516,45.218,44.92,44.63,44.354,44.102,43.879,43.687,43.523,43.387,43.277,43.187,43.112,43.044,42.978,42.909,42.833,42.751,42.662,42.565,42.464,42.364,42.267,42.169,42.063,41.933,41.76,41.532,41.245,,
Nicaragua,51.47,50.355,49.294,48.354,47.579,47.001,46.624,46.399,46.274,46.223,46.214,46.219,46.214,46.177,46.087,45.932,45.715,45.446,45.132,44.763,44.316,43.764,43.1,42.331,41.476,40.581,39.702,38.881,38.139,37.475,36.856,36.227,35.532,34.735,33.833,32.84,31.784,30.719,29.697,28.747,27.904,27.19,26.598,26.111,25.719,25.398,25.122,24.859,24.582,24.274,23.929,23.546,23.142,22.73,,
Netherlands,20.8,21.3,20.9,20.9,20.7,19.9,19.2,18.9,18.6,19.2,18.3,17.2,16.1,14.5,13.7,13,12.9,12.5,12.6,12.5,12.8,12.5,12,11.8,12.1,12.3,12.7,12.7,12.6,12.7,13.2,13.2,13,12.8,12.7,12.3,12.2,12.3,12.7,12.7,13,12.6,12.5,12.3,11.9,11.5,11.3,11.1,11.2,11.2,11.1,10.8,10.5,10.2,,
High income: nonOECD,26.57484284,25.78403166,24.92311217,23.9908156,22.96162001,21.9619452,21.17046066,20.27332669,19.87355263,19.5506183,19.46162718,19.48653702,19.54800069,19.70124766,19.8642791,19.96749448,20.33460702,20.31551968,20.46740646,20.34040004,20.32331444,20.31698755,20.56525207,20.91101292,20.4222579,20.06600936,20.14303345,20.07253956,19.43819776,18.38765775,17.69593756,16.79244879,15.89381024,15.07255416,14.96619673,14.77762831,14.43477613,14.08822084,13.85524328,13.52197976,13.68332456,13.57432348,13.75715794,13.79372089,13.79676934,13.65510331,13.73070294,14.11934371,14.42111315,14.48665153,14.42801619,14.51500533,14.83758459,14.48065091,,
Norway,17.3,17.3,17.1,17.3,17.7,17.8,17.9,17.6,17.6,17.6,16.7,16.8,16.3,15.5,15,14.1,13.3,12.6,12.8,12.7,12.5,12.4,12.5,12.1,12.1,12.3,12.6,12.9,13.7,14,14.4,14.3,14,13.8,13.9,13.8,13.9,13.6,13.2,13.3,13.2,12.6,12.2,12.4,12.4,12.3,12.6,12.4,12.7,12.8,12.6,12.2,12,11.6,,
Nepal,42.88,42.88,42.872,42.857,42.833,42.795,42.74,42.665,42.572,42.459,42.331,42.189,42.039,41.885,41.731,41.582,41.439,41.304,41.173,41.041,40.909,40.773,40.628,40.463,40.27,40.03,39.724,39.347,38.901,38.397,37.858,37.316,36.796,36.314,35.867,35.447,35.03,34.585,34.084,33.511,32.849,32.088,31.239,30.317,29.336,28.307,27.241,26.159,25.088,24.058,23.108,22.27,21.558,20.973,,
New Zealand,26.5,27.1,26.2,25.5,24.2,22.9,22.5,22.5,22.7,22.3,22.1,22.6,21.8,20.5,19.6,18.3,17.7,17.3,16.3,16.8,16.2,16.2,15.8,15.8,16,15.9,16.3,16.8,17.3,17.5,17.5,17.4,17.28,16.53,15.95,15.77,15.34,15.23,14.51,14.87,14.66,14.36,13.67,13.94,14.2,13.96,14.14,15.14,15.06,14.48,14.62,13.93,13.79,13.12,,
High income: OECD,21.07014108,20.91467842,20.56904474,20.43220444,20.30718195,19.58301372,18.44161009,18.70307361,18.3185158,18.14547465,17.98075395,17.67470028,16.80692008,16.32517365,16.07223694,15.53674187,15.21155231,15.05327371,14.74849321,14.89520376,14.83898294,14.57207683,14.49677257,14.18232829,13.95681233,13.86211745,13.61924282,13.56342612,13.63267027,13.5660935,13.67152179,13.45052515,13.23129789,12.87821522,12.63329491,12.28653252,12.18465754,12.04924284,11.97114157,11.82097314,11.93234966,11.62234981,11.50149585,11.53720102,11.47297976,11.38240898,11.59317922,11.70683765,11.71427413,11.44165692,11.32359885,11.06995682,11.00953804,10.77014695,,
OECD members,23.14916377,22.98437466,22.6504338,22.51018926,22.38456589,21.72006189,20.68665826,20.93649856,20.60736308,20.4686627,20.33866385,20.07251069,19.28953713,18.84233889,18.58052171,18.05051493,17.69914193,17.48823654,17.14452255,17.20281179,17.0840399,16.78185706,16.65098357,16.30949153,16.04725608,15.90084197,15.62662712,15.52025441,15.52749522,15.42026363,15.46682821,15.23367948,15.00545466,14.6640462,14.41763351,14.08221113,13.95534906,13.79589086,13.68198725,13.50158519,13.54113175,13.21631485,13.05260509,13.02361557,12.91140003,12.77989438,12.90719478,12.95310979,12.90932659,12.62980296,12.48306648,12.22166193,12.12587943,11.87845091,,
Oman,49.347,49.272,49.183,49.082,48.975,48.855,48.713,48.55,48.376,48.209,48.094,48.085,48.202,48.443,48.782,49.173,49.553,49.849,50.001,49.971,49.743,49.328,48.759,48.059,47.223,46.214,44.984,43.521,41.841,39.99,38.035,36.059,34.144,32.357,30.74,29.306,28.037,26.881,25.805,24.81,23.913,23.144,22.524,22.059,21.741,21.564,21.522,21.576,21.675,21.77,21.787,21.655,21.345,20.851,,
Other small states,42.63187514,42.09257087,41.87986339,41.8893253,41.55681556,41.09761289,41.01174187,40.50984544,40.70107807,40.52464712,40.77298723,40.87025028,40.93791895,40.72826159,40.99065121,40.58350465,40.38607444,40.20762702,40.21365833,40.17623469,40.12804522,39.94415406,39.6041353,39.36931266,39.12189733,38.77227536,38.41417645,38.09530173,37.76242203,37.39963525,37.01015517,36.5251105,36.11435488,35.60930377,35.11057719,34.56775201,34.11140568,33.55910216,33.0207152,32.59097709,32.12498313,31.67922436,31.32776443,30.97170006,30.69253563,30.44243315,30.17552619,29.96487074,29.76616831,29.54043369,29.33449018,29.14294396,28.92130907,28.66181517,,
Pakistan,44.212,44.202,44.147,44.05,43.918,43.757,43.571,43.369,43.16,42.956,42.771,42.619,42.502,42.421,42.376,42.361,42.367,42.382,42.393,42.396,42.396,42.409,42.439,42.475,42.496,42.46,42.32,42.044,41.619,41.044,40.343,39.555,38.728,37.898,37.079,36.249,35.369,34.409,33.368,32.273,31.192,30.205,29.375,28.735,28.287,27.994,27.794,27.605,27.364,27.045,26.644,26.182,25.704,25.246,,
Panama,41.445,41.254,41.009,40.71,40.359,39.963,39.532,39.075,38.596,38.099,37.575,37.014,36.408,35.757,35.067,34.351,33.622,32.898,32.194,31.523,30.893,30.308,29.763,29.253,28.774,28.321,27.887,27.467,27.058,26.662,26.288,25.946,25.645,25.387,25.165,24.969,24.787,24.6,24.395,24.165,23.902,23.606,23.284,22.945,22.591,22.228,21.859,21.487,21.116,20.754,20.403,20.068,19.748,19.445,,
Peru,46.718,46.565,46.334,46.016,45.608,45.116,44.552,43.941,43.308,42.669,42.046,41.455,40.895,40.361,39.843,39.317,38.748,38.115,37.409,36.64,35.833,35.03,34.268,33.575,32.959,32.414,31.921,31.446,30.96,30.451,29.91,29.333,28.731,28.117,27.497,26.88,26.276,25.69,25.132,24.605,24.114,23.658,23.234,22.835,22.46,22.105,21.768,21.447,21.139,20.84,20.547,20.26,19.977,19.699,,
Philippines,44.309,43.778,43.248,42.719,42.191,41.664,41.14,40.624,40.124,39.646,39.207,38.819,38.489,38.213,37.982,37.782,37.589,37.384,37.151,36.882,36.58,36.255,35.923,35.594,35.271,34.945,34.605,34.241,33.849,33.432,32.997,32.556,32.121,31.706,31.315,30.959,30.644,30.365,30.108,29.858,29.587,29.261,28.864,28.392,27.855,27.28,26.705,26.172,25.708,25.326,25.025,24.79,24.59,24.398,,
Palau,,,,,,,,,,,,,,,,,,,,,,,,,,,,,,,21.6,22.3,23.6,21.7,22.3,23.2,20.2,18.3,15.1,13.2,14.5,15.3,13,15.4,12.6,14,12,13.8,14.5,13.3,11.9,11.8,12.7,13.1,,
Papua New Guinea,41.897,41.829,41.77,41.732,41.73,41.816,42.05,42.444,42.974,43.591,44.19,44.646,44.861,44.779,44.391,43.731,42.876,41.947,41.044,40.215,39.481,38.827,38.212,37.61,37.028,36.486,36.01,35.621,35.331,35.142,35.059,35.082,35.186,35.337,35.503,35.642,35.711,35.688,35.56,35.32,34.976,34.551,34.08,33.596,33.114,32.64,32.171,31.696,31.211,30.72,30.233,29.76,29.307,28.883,,
Poland,22.6,20.9,19.8,19.2,18.1,17.4,16.8,16.3,16.3,16.4,16.8,17.2,17.5,18,18.5,19,19.6,19.2,19.1,19.6,19.6,19,19.5,19.8,19,18.3,17,16.1,15.6,14.9,14.4,14.3,13.4,12.9,12.5,11.2,11.1,10.7,10.2,9.9,9.9,9.6,9.3,9.2,9.3,9.5,9.8,10.2,10.9,10.9,10.8,10.1,10,9.6,,
Puerto Rico,32.4,31.4,31.3,31,31,30.7,28.9,26.7,25.5,24.9,24.8,25.6,24,23.3,24.3,23.8,24.2,24.5,24.1,23.4,22.8,22,21.05,20.1,19.3,19.4,19.45,19.5,19.3,19.1,18.5,18.1,17.8,17.9,17.5,17,16.9,16.2,15.7,15.6,15.59,14.59,13.7,13.1,13.16,12.96,12.41,11.86,11.79,11.72,11.3,11.1,10.6,10.8,,
North Korea,37.139,35.904,34.975,34.581,34.79,35.511,36.502,37.381,37.837,37.741,36.964,35.448,33.352,30.881,28.205,25.585,23.301,21.529,20.367,19.837,19.856,20.243,20.737,21.131,21.34,21.342,21.189,21.002,20.866,20.792,20.765,20.753,20.708,20.592,20.392,20.106,19.738,19.314,18.859,18.387,17.904,17.414,16.92,16.431,15.961,15.532,15.165,14.869,14.646,14.495,14.408,14.372,14.364,14.366,,
Portugal,24.1,24.4,24.5,23.5,24,23.4,23.2,22.8,22.1,21.7,20.8,21,20.2,20,19.6,19.8,20,19.1,17.5,16.6,16.2,15.4,15.2,14.5,14.3,13,12.6,12.3,12.2,11.8,11.7,11.7,11.5,11.4,10.9,10.7,11,11.2,11.2,11.4,11.7,10.9,11,10.8,10.4,10.4,10,9.7,9.9,9.4,9.6,9.2,8.5,7.9,,
Paraguay,41.939,41.674,41.412,41.142,40.851,40.502,40.052,39.491,38.83,38.1,37.357,36.676,36.12,35.732,35.531,35.521,35.689,35.973,36.306,36.639,36.915,37.084,37.125,37.028,36.784,36.4,35.898,35.321,34.709,34.086,33.469,32.867,32.273,31.687,31.115,30.56,30.024,29.505,29.001,28.511,28.033,27.561,27.094,26.634,26.185,25.761,25.375,25.036,24.747,24.503,24.294,24.106,23.922,23.726,,
Pacific island small states,45.48368392,44.81854164,44.06146348,43.23663405,42.37411708,41.50693828,40.66216825,39.86258771,39.12984868,38.48645409,37.95768783,37.56168824,37.28923548,37.12052972,37.03503877,37.00776929,37.01335993,37.02241951,37.00609845,36.93980032,36.79824066,36.5608099,36.23512108,35.8362223,35.38096092,34.89701003,34.41761632,34.10121566,33.56446666,33.20414343,32.77160095,32.46439384,32.15274835,31.78490654,31.41497411,31.02537717,30.4584551,30.15149552,29.71994454,29.6601275,28.98426119,28.67280228,28.35559975,28.10193013,27.80318316,27.73205464,27.42985993,27.14463307,26.62294678,26.260575,25.87656089,25.62508046,25.10049514,24.70766615,,
French Polynesia,41.275,40.342,39.445,38.618,37.88,37.246,36.717,36.265,35.864,35.497,35.14,34.77,34.375,33.951,33.497,33.023,32.542,32.079,31.654,31.277,30.974,30.767,30.647,30.59,30.564,30.514,30.377,30.107,29.675,29.074,28.308,27.399,26.404,25.382,24.371,23.414,22.54,21.755,21.062,20.465,19.961,19.536,19.164,18.822,18.5,18.194,17.903,17.636,17.393,17.172,16.966,16.77,16.58,16.39,,
Qatar,42.431,41.79,41.194,40.643,40.13,39.619,39.06,38.43,37.728,36.978,36.249,35.631,35.19,34.953,34.909,35.021,35.228,35.429,35.527,35.453,35.121,34.46,33.484,32.239,30.775,29.179,27.558,26.018,24.648,23.499,22.605,21.961,21.499,21.153,20.885,20.666,20.474,20.286,20.074,19.804,19.421,18.876,18.166,17.311,16.341,15.319,14.323,13.425,12.675,12.093,11.676,11.393,11.179,10.98,,
Romania,19.1,17.5,16.2,15.7,15.2,14.6,14.2,27,26.6,23.3,21.1,19.6,18.8,18.2,20.3,19.6,19.4,19.5,19,18.6,17.9,17,15.3,14.2,15.5,15.8,16.5,16.7,16.5,16,13.6,12,11.4,11,10.9,10.4,10.2,10.5,10.5,10.4,10.4,10,9.7,9.8,10.1,10.4,10.4,10.3,10.8,10.9,10.5,9.7,10,8.8,,
Russia,23.743,22.692,21.507,20.228,18.917,17.67,16.588,15.735,15.146,14.831,14.763,14.881,15.09,15.311,15.507,15.662,15.79,15.923,16.08,15.8,15.9,16,16.6,17.5,16.9,16.6,17.2,17.2,16,14.6,13.4,12.1,10.7,9.4,9.5,9.3,8.9,8.6,8.8,8.3,8.7,9.1,9.8,10.2,10.4,10.2,10.4,11.3,12,12.3,12.5,12.6,13.3,13.2,,
Rwanda,52.248,51.642,51.036,50.471,49.985,49.617,49.398,49.327,49.393,49.59,49.911,50.341,50.846,51.385,51.92,52.417,52.846,53.194,53.448,53.592,53.623,53.549,53.386,53.141,52.805,52.342,51.701,50.87,49.867,48.735,47.561,46.452,45.489,44.718,44.143,43.714,43.339,42.916,42.38,41.722,40.983,40.238,39.574,39.048,38.665,38.401,38.203,37.998,37.728,37.37,36.914,36.37,35.773,35.158,,
South Asia,42.82667777,42.54333467,42.25566877,41.97246154,41.68954272,41.40442033,41.10462685,40.78116663,40.42913936,40.05355258,39.6653325,39.28356295,38.92150873,38.5891908,38.29070341,38.0203016,37.76640224,37.51132878,37.23848503,36.94034284,36.61535071,36.27028931,35.90810769,35.53719428,35.15510633,34.75299441,34.31880699,33.84650041,33.33285896,32.78339296,32.20488419,31.60956923,31.01314414,30.42519257,29.85164054,29.29595932,28.75758961,28.22937659,27.70841138,27.19310101,26.68281842,26.17431504,25.66060155,25.14634282,24.63365248,24.13365431,23.65741916,23.21308585,22.80390005,22.43175062,22.08904376,21.76634087,21.45240093,21.13486972,,
Saudi Arabia,47.516,47.476,47.415,47.327,47.212,47.078,46.941,46.811,46.69,46.573,46.441,46.269,46.039,45.744,45.386,44.993,44.6,44.237,43.913,43.619,43.325,42.986,42.558,42.011,41.339,40.543,39.64,38.671,37.675,36.676,35.702,34.778,33.903,33.073,32.283,31.508,30.717,29.883,28.997,28.065,27.112,26.174,25.29,24.487,23.776,23.158,22.62,22.135,21.675,21.224,20.774,20.321,19.864,19.402,,
Sudan,46.403,46.462,46.534,46.613,46.691,46.766,46.833,46.89,46.935,46.961,46.966,46.95,46.911,46.846,46.752,46.618,46.437,46.205,45.924,45.596,45.223,44.807,44.359,43.897,43.437,43.005,42.626,42.312,42.064,41.879,41.743,41.634,41.525,41.392,41.224,41.022,40.793,40.551,40.303,40.044,39.762,39.436,39.056,38.616,38.121,37.582,37.016,36.444,35.886,35.352,34.85,34.379,33.931,33.499,,
Senegal,50.442,50.392,50.329,50.261,50.198,50.153,50.138,50.153,50.193,50.25,50.313,50.366,50.394,50.377,50.305,50.163,49.941,49.645,49.285,48.867,48.406,47.915,47.409,46.903,46.405,45.919,45.442,44.966,44.488,44.01,43.533,43.059,42.593,42.142,41.712,41.314,40.958,40.646,40.379,40.153,39.961,39.794,39.64,39.489,39.335,39.182,39.042,38.918,38.808,38.697,38.561,38.369,38.1,37.746,,
Singapore,38.5,36.2,34.8,34.3,32.8,30.7,29.5,26.8,24.5,22.8,23,22.7,23.4,22.2,19.6,17.7,18.7,16.5,16.8,17.1,17.1,17,17.3,16.3,16.5,16.6,14.8,16.6,19.8,17.5,18.4,17.3,17,17,16.4,15.7,16,12.7,13.2,12.8,11.8,11.8,11.4,10.5,10.3,10.2,10.3,10,10.2,9.9,9.3,9.5,10.1,9.3,,
Solomon Islands,40.782,40.864,40.937,41.022,41.148,41.387,41.821,42.473,43.327,44.33,45.384,46.359,47.138,47.634,47.808,47.651,47.193,46.535,45.776,44.977,44.203,43.504,42.894,42.376,41.954,41.617,41.333,41.057,40.752,40.402,39.996,39.531,39.028,38.508,37.984,37.476,37.002,36.573,36.196,35.873,35.607,35.397,35.227,35.073,34.915,34.724,34.473,34.146,33.74,33.254,32.698,32.086,31.45,30.816,,
Sierra Leone,46.338,46.747,47.177,47.616,48.05,48.455,48.808,49.095,49.306,49.438,49.497,49.498,49.461,49.401,49.326,49.234,49.122,48.978,48.795,48.57,48.301,47.981,47.617,47.216,46.79,46.35,45.905,45.469,45.055,44.677,44.356,44.109,43.936,43.831,43.782,43.781,43.814,43.856,43.879,43.857,43.756,43.546,43.222,42.787,42.249,41.628,40.951,40.253,39.564,38.905,38.283,37.697,37.134,36.583,,
El Salvador,48.108,48.002,47.78,47.438,46.986,46.442,45.835,45.198,44.563,43.949,43.375,42.848,42.356,41.885,41.423,40.952,40.449,39.9,39.298,38.644,37.946,37.221,36.491,35.779,35.095,34.451,33.852,33.293,32.762,32.252,31.761,31.285,30.813,30.328,29.811,29.221,28.513,27.677,26.727,25.692,24.63,23.613,22.708,21.963,21.397,21.011,20.783,20.654,20.571,20.505,20.433,20.345,20.242,20.126,,
San Marino,,,,,,,,,,,,,,,,,,,,,,,,,,,,,,,,,,,,,,,,,,,,,10.4,9.5,10,9.4,11,10.7,10.5,10.2,9.9,,,
Somalia,47.651,47.543,47.448,47.363,47.284,47.199,47.1,46.979,46.835,46.67,46.49,46.3,46.114,45.943,45.799,45.687,45.612,45.574,45.573,45.612,45.693,45.821,45.993,46.205,46.451,46.732,47.046,47.386,47.742,48.101,48.453,48.793,49.111,49.392,49.617,49.754,49.77,49.659,49.426,49.084,48.668,48.223,47.791,47.401,47.065,46.774,46.503,46.216,45.887,45.512,45.095,44.652,44.204,43.77,,
Serbia,,,,,,,,,,,,,,,,,,,,,,,,,,,,,,,,11.9,,,,11.3,10.8,10.49,10.09,9.6,9.8,10.5,10.4,10.6,10.5,9.7,9.58,9.22,9.4,9.6,9.4,9.1,9.3,9.2,,
Sub-Saharan Africa (developing only),47.37515435,47.34381459,47.30751394,47.26219751,47.19467162,47.11942376,47.06160246,47.00855044,46.99660481,46.99591793,47.02562188,47.06233295,47.09846994,47.11607546,47.12956136,47.099113,47.04720187,46.97019217,46.87390988,46.75340107,46.60814639,46.43573098,46.23779512,46.02290378,45.79109596,45.54097869,45.27404538,44.99207021,44.69578401,44.38829017,44.07872288,43.77299275,43.48351865,43.21009134,42.95673035,42.72093043,42.50147363,42.2869128,42.07169822,41.85300778,41.6223224,41.38347364,41.13983679,40.8824151,40.61026375,40.32319983,40.02268267,39.71353585,39.39709123,39.07261754,38.73910771,38.39199046,38.02846092,37.64824918,,
South Sudan,50.945,51.165,51.341,51.474,51.563,51.599,51.574,51.484,51.331,51.124,50.873,50.592,50.296,49.998,49.708,49.425,49.143,48.855,48.562,48.274,48.017,47.821,47.699,47.654,47.672,47.731,47.797,47.833,47.805,47.695,47.491,47.192,46.819,46.389,45.914,45.401,44.858,44.292,43.712,43.126,42.543,41.966,41.394,40.83,40.277,39.74,39.224,38.728,38.251,37.794,37.355,36.934,36.526,36.129,,
Sub-Saharan Africa (all income levels),47.36727679,47.33607285,47.29998186,47.25492877,47.18769105,47.11268051,47.05494332,47.00179862,46.98955724,46.98845675,47.01764402,47.05380204,47.08944898,47.10672566,47.11734411,47.08669369,47.03458902,46.95803276,46.86314355,46.74338229,46.59940694,46.42796927,46.23057621,46.01723347,45.78690423,45.53794454,45.27199506,44.99058964,44.69478783,44.38754799,44.0780218,43.77214584,43.48238427,43.20855449,42.95474396,42.71848083,42.49867189,42.28351265,42.06779839,41.84883013,41.61797375,41.37889421,41.13512445,40.87780301,40.6056731,40.31885904,40.01833429,39.70938166,39.39306009,39.06872866,38.7351074,38.38827211,38.02474943,37.64452249,,
Small states,41.89986468,41.44099513,41.10424333,40.83387863,40.32000422,39.7014039,39.28234827,38.63087249,38.39869741,37.98765438,37.76175567,37.68825119,37.52915328,37.21783602,37.22568061,36.85056363,36.61216358,36.43367962,36.36639423,36.28465903,36.20877356,36.00963318,35.71635018,35.44421017,35.14132051,34.82354936,34.44123485,34.06195262,33.73564745,33.37391538,32.91003267,32.54995306,32.07783834,31.64731809,31.27927675,31.02085221,30.39265133,29.97935811,29.44270657,29.0275056,28.64205456,28.10798495,27.73913446,27.46356204,27.23334842,27.12891307,26.78554291,26.66494784,26.48385798,26.28897232,25.99882138,25.84625613,25.63555352,25.3319368,,
Sao Tome and Principe,47.615,47.35,46.929,46.345,45.616,44.781,43.894,43.024,42.233,41.561,41.043,40.699,40.503,40.423,40.439,40.524,40.649,40.782,40.889,40.942,40.915,40.792,40.58,40.292,39.935,39.519,39.056,38.569,38.08,37.61,37.176,36.786,36.445,36.157,35.932,35.79,35.745,35.797,35.935,36.143,36.408,36.717,37.04,37.343,37.59,37.735,37.739,37.589,37.284,36.828,36.234,35.524,34.742,33.931,,
Suriname,45.633,45.295,44.823,44.19,43.396,42.458,41.416,40.331,39.25,38.201,37.182,36.172,35.15,34.116,33.097,32.158,31.376,30.792,30.41,30.2,30.085,29.956,29.714,29.294,28.678,27.877,26.936,25.95,25.01,24.17,23.495,23.039,22.794,22.731,22.815,22.98,23.144,23.229,23.18,22.975,22.616,22.134,21.595,21.057,20.548,20.088,19.686,19.328,19.004,18.712,18.447,18.202,17.969,17.741,,
Slovakia,21.7,20.8,19.8,20.4,20.1,19.3,18.5,17.4,17,17.7,17.8,18.2,19.1,20,20.8,20.6,20.8,20.6,20.5,20.3,19.1,18.6,18.3,18.1,17.7,17.5,16.8,16.1,15.9,15.2,15.1,14.8,14.1,13.8,12.4,11.5,11.2,11,10.7,10.4,10.2,9.5,9.5,9.6,10,10.1,10,10.1,10.7,11.4,11.2,11.3,10.3,10.1,,
Slovenia,17.6,18.2,18.1,18,17.9,18.5,18.5,17.7,16.8,16.3,15.9,16.3,16.4,16.7,16.1,16.6,16.7,16.2,16.3,16.3,15.7,15.3,15.1,14.1,13.6,13.4,13,12.9,12.6,11.7,11.2,10.8,10,9.9,9.8,9.5,9.4,9.1,9,8.8,9.1,8.8,8.8,8.7,9,9.1,9.4,9.8,10.8,10.7,10.9,10.7,10.7,10.2,,
Sweden,13.7,13.9,14.2,14.8,16,15.9,15.8,15.4,14.3,13.5,13.7,14.1,13.8,13.5,13.5,12.6,12,11.6,11.3,11.6,11.7,11.3,11.1,11,11.3,11.8,12.2,12.5,13.3,13.7,14.5,14.4,14.2,13.5,12.8,11.7,10.8,10.2,10.1,10,10.2,10.3,10.7,11.1,11.2,11.2,11.7,11.7,11.9,12,12.3,11.8,11.9,11.8,,
Swaziland,47.621,47.706,47.832,47.995,48.187,48.397,48.613,48.822,49.008,49.16,49.262,49.305,49.289,49.221,49.105,48.955,48.785,48.611,48.44,48.277,48.129,48.006,47.892,47.761,47.583,47.307,46.877,46.263,45.457,44.467,43.31,42.018,40.653,39.28,37.951,36.713,35.601,34.621,33.775,33.074,32.526,32.131,31.863,31.689,31.581,31.506,31.435,31.346,31.222,31.048,30.816,30.531,30.211,29.871,,
Sint Maarten (Dutch part),,,,,,,,,,,,,,,,,,,,,,,,,,,,,,,,,,,,,,,,,,,,,,12.8,13.7,11.7,13,12.5,13.1,,,,,
Seychelles,,,,,,,,,,,,,,,32.1,30.4,27.1,25.8,28.8,27.5,28.9,28.1,24.1,25.8,26.9,26.5,26.3,24.9,24.5,24.1,23.7,23.3,22.9,22.26666667,21.63333333,21,21.1,19.1,17.9,18.2,18.6,17.7,17.7,18.1,17.4,18.5,17.3,17.6,17.8,18.1,16.8,18.6,18.6,18.6,,
Syrian Arab Republic,48.172,47.805,47.437,47.074,46.728,46.419,46.169,45.988,45.878,45.831,45.836,45.878,45.927,45.957,45.944,45.87,45.724,45.506,45.215,44.843,44.383,43.83,43.189,42.47,41.68,40.817,39.874,38.865,37.815,36.757,35.748,34.845,34.081,33.464,32.987,32.614,32.29,31.949,31.543,31.053,30.471,29.81,29.113,28.419,27.749,27.125,26.569,26.08,25.654,25.287,24.964,24.662,24.36,24.043,,
Turks and Caicos Islands,,,,,,,,,,,,,,,,,,,,,,,,,,,,,,,,,,,,,,,,,,,,,,,,,,,,,,,,
Chad,45.785,45.687,45.602,45.54,45.514,45.544,45.655,45.851,46.129,46.48,46.886,47.321,47.756,48.165,48.532,48.844,49.098,49.307,49.483,49.632,49.759,49.871,49.974,50.074,50.177,50.29,50.418,50.559,50.708,50.861,51.01,51.148,51.266,51.356,51.412,51.43,51.41,51.356,51.27,51.152,50.999,50.812,50.59,50.332,50.039,49.707,49.333,48.919,48.469,47.987,47.481,46.957,46.423,45.886,,
Togo,47.479,47.568,47.663,47.757,47.847,47.93,48.007,48.079,48.146,48.202,48.245,48.271,48.275,48.254,48.202,48.113,47.981,47.807,47.592,47.336,47.043,46.717,46.365,45.99,45.595,45.176,44.725,44.24,43.723,43.183,42.63,42.077,41.537,41.024,40.551,40.133,39.778,39.486,39.249,39.062,38.917,38.801,38.702,38.603,38.495,38.371,38.233,38.082,37.916,37.725,37.492,37.197,36.832,36.398,,
Thailand,42.573,42.447,42.294,42.106,41.865,41.536,41.079,40.473,39.709,38.796,37.751,36.605,35.403,34.188,32.988,31.823,30.7,29.609,28.547,27.519,26.53,25.581,24.67,23.8,22.972,22.197,21.483,20.832,20.241,19.702,19.204,18.733,18.273,17.813,17.346,16.871,16.39,15.914,15.45,15.001,14.568,14.152,13.751,13.364,12.99,12.63,12.283,11.949,11.627,11.319,11.026,10.748,10.486,10.242,,
Tajikistan,46.942,46.142,45.315,44.511,43.77,43.129,42.609,42.192,41.852,41.576,41.318,41.026,40.67,40.245,39.77,39.305,38.931,38.714,38.695,38.877,39.249,39.782,40.395,41.001,41.533,41.915,42.079,42.009,41.703,41.165,40.412,39.483,38.445,37.363,36.281,35.221,34.182,33.161,32.172,31.253,30.463,29.864,29.485,29.335,29.408,29.693,30.169,30.767,31.411,32.033,32.553,32.902,33.054,32.998,,
Turkmenistan,44.664,44.67,44.402,43.807,42.899,41.762,40.534,39.373,38.4,37.658,37.135,36.766,36.444,36.095,35.708,35.305,34.934,34.653,34.503,34.488,34.614,34.871,35.215,35.586,35.938,36.219,36.384,36.407,36.258,35.91,35.313,34.422,33.26,31.886,30.365,28.807,27.332,26.032,24.974,24.188,23.663,23.351,23.152,22.985,22.815,22.625,22.421,22.231,22.07,21.929,21.796,21.66,21.504,21.32,,
East Timor,46.023,45.994,45.93,45.811,45.619,45.341,44.968,44.501,43.937,43.27,42.426,41.315,39.943,38.39,36.782,35.391,34.532,34.387,35.01,36.337,38.134,40.054,41.736,42.921,43.524,43.59,43.288,42.904,42.662,42.64,42.882,43.381,44.012,44.652,45.221,45.596,45.654,45.353,44.698,43.729,42.544,41.288,40.11,39.123,38.376,37.868,37.54,37.289,37.031,36.748,36.445,36.153,35.914,35.755,,
Tonga,47.175,46.721,46.124,45.38,44.491,43.437,42.192,40.783,39.266,37.713,36.235,34.951,33.938,33.241,32.873,32.825,33.05,33.44,33.882,34.299,34.599,34.706,34.61,34.324,33.864,33.286,32.676,32.119,31.672,31.352,31.13,30.944,30.721,30.415,30.026,29.585,29.148,28.778,28.517,28.375,28.347,28.412,28.519,28.619,28.681,28.67,28.559,28.348,28.044,27.65,27.176,26.636,26.062,25.483,,
Trinidad and Tobago,37.333,36.733,35.869,34.731,33.361,31.862,30.376,29.043,27.973,27.215,26.774,26.607,26.611,26.695,26.821,26.988,27.221,27.535,27.914,28.306,28.625,28.774,28.689,28.334,27.701,26.805,25.691,24.449,23.167,21.905,20.707,19.6,18.581,17.655,16.841,16.16,15.625,15.227,14.951,14.784,14.716,14.733,14.812,14.928,15.054,15.168,15.25,15.295,15.297,15.245,15.132,14.955,14.724,14.451,,
Tunisia,50.688,50.348,49.849,49.175,48.328,47.309,46.126,44.831,43.486,42.151,40.908,39.839,38.977,38.327,37.879,37.594,37.406,37.228,36.983,36.627,36.13,35.487,34.731,33.894,32.989,32.032,31.039,30.026,29.002,27.976,25.2,24.9,24.9,24,22.7,20.8,19.7,18.9,17.9,16.9,17.1,16.9,16.7,17.1,16.8,17.1,17.1,17.4,17.7,17.7,18.6,18.8,19.3,19.8,,
Turkey,46.243,45.398,44.557,43.741,42.972,42.281,41.696,41.218,40.834,40.528,40.267,40.009,39.713,39.35,38.903,38.376,37.788,37.168,36.535,35.889,35.21,34.468,33.642,32.728,31.741,30.707,29.659,28.64,27.684,26.813,26.045,25.386,24.817,24.316,23.87,23.462,23.072,22.685,22.29,21.881,21.456,21.021,20.591,20.176,19.779,19.403,19.047,18.706,18.377,18.058,17.746,17.439,17.135,16.836,,
Tuvalu,,,,,,,,,,,,,,,,,,,,,,,,,,,,,,,,,,,,,,,,,,,,,,,,,,,,,,,,
United Republic of Tanzania,49.299,49.252,49.195,49.131,49.061,48.982,48.889,48.78,48.654,48.513,48.366,48.221,48.084,47.958,47.84,47.72,47.584,47.422,47.225,46.995,46.739,46.469,46.199,45.939,45.689,45.446,45.199,44.937,44.655,44.351,44.026,43.683,43.331,42.984,42.654,42.357,42.111,41.922,41.79,41.714,41.691,41.716,41.771,41.831,41.876,41.874,41.799,41.639,41.391,41.056,40.643,40.17,39.664,39.152,,
Uganda,49.557,49.427,49.319,49.231,49.16,49.098,49.039,48.979,48.916,48.851,48.789,48.736,48.699,48.685,48.692,48.722,48.771,48.833,48.903,48.976,49.051,49.127,49.204,49.282,49.358,49.435,49.516,49.6,49.682,49.754,49.803,49.814,49.778,49.69,49.552,49.37,49.16,48.935,48.708,48.48,48.252,48.015,47.759,47.475,47.159,46.81,46.426,46.012,45.573,45.115,44.639,44.152,43.654,43.152,,
Ukraine,21.011,19.808,18.654,17.615,16.738,16.062,15.6,15.313,15.159,15.114,15.143,15.21,15.284,15.342,15.364,15.348,15.304,15.255,15.215,15.187,15.171,14.6,14.8,16,15.6,15.014,15.5,14.8,14.4,13.3,12.7,12.1,11.4,10.7,10,9.6,9.1,8.7,8.3,7.8,7.8,7.7,8.7,8.545801922,9.004965059,9,9.8,10.2,11,11.1,10.8,11,11.4,11.1,,
Upper middle income,28.05376958,26.26183076,38.37930573,42.29399118,39.39684799,38.37670893,36.34521467,35.6417632,36.48082078,35.27649558,34.61182993,32.62457427,31.87758037,30.53171486,28.42401841,27.10839321,24.99780214,24.26102058,23.71399372,23.33081778,23.45730987,25.02615406,25.70924987,24.23884806,23.90545807,24.4116239,25.06624407,25.37481506,24.52556466,23.7636753,23.14514301,22.00239423,20.94291897,20.60199051,20.15591548,19.55751495,19.2856089,18.87165408,18.15468559,17.40717976,16.9160514,16.39215643,15.95321773,15.5882794,15.42930614,15.40296563,15.1398361,15.07345669,15.04311265,14.96610582,14.76972049,14.7161469,14.75273225,14.66669605,,
Uruguay,22.08,22.011,21.871,21.664,21.407,21.14,20.909,20.747,20.673,20.684,20.763,20.873,20.968,21.008,20.973,20.848,20.624,20.323,19.974,19.596,19.219,18.877,18.589,18.369,18.224,18.155,18.15,18.184,18.229,18.267,18.276,18.239,18.154,18.02,17.838,17.617,17.369,17.112,16.861,16.624,16.406,16.205,16.014,15.829,15.65,15.479,15.317,15.166,15.026,14.898,14.78,14.672,14.571,14.474,,
United States of America,23.7,23.3,22.4,21.7,21.1,19.4,18.4,17.8,17.6,17.9,18.4,17.2,15.6,14.8,14.8,14.6,14.6,15.1,15,15.6,15.9,15.8,15.9,15.6,15.6,15.8,15.6,15.7,16,16.4,16.7,16.2,15.8,15.4,15,14.6,14.4,14.2,14.3,14.2,14.4,14.1,14,14.1,14,14,14.3,14.3,14,13.5,13,12.7,12.6,12.5,,
Uzbekistan,46.977,46.548,45.898,45.048,44.045,42.958,41.862,40.828,39.91,39.146,38.556,38.133,37.83,37.596,37.407,37.229,37.031,36.8,36.536,34.4,33.9,35,35.1,35.4,36.3,37.4,37.9,37.2,35.3,33.3,33.7,34.5,33.1,31.5,29.4,29.8,27.3,25.5,23.4,22.40852714,21.4024803,20.54723255,21.07132599,19.88672175,20.89286097,20.3894066,20.98839616,22.66327004,23.66417973,23.39916664,22.7,21.5,21,22.5,,
St. Vincent and the Grenadines,47.877,47.296,46.647,45.939,45.187,44.406,43.614,42.818,42.019,41.218,40.395,39.527,38.595,37.599,36.55,35.477,34.417,33.405,32.466,31.612,30.835,30.115,29.422,28.737,28.056,27.392,26.765,26.195,25.689,25.242,24.84,24.46,24.078,23.673,23.233,22.749,22.214,21.643,21.055,20.466,19.902,19.39,18.948,18.581,18.289,18.062,17.878,17.708,17.529,17.329,17.101,16.846,16.576,16.301,,
Venezuela,45.139,45.072,44.845,44.414,43.768,42.909,41.861,40.7,39.507,38.34,37.269,36.358,35.621,35.057,34.659,34.391,34.201,34.021,33.8,33.513,33.16,32.764,32.361,31.976,31.606,31.235,30.834,30.38,29.861,29.28,28.649,27.99,27.333,26.703,26.117,25.584,25.108,24.68,24.287,23.926,23.593,23.282,22.988,22.703,22.424,22.143,21.859,21.573,21.283,20.99,20.691,20.386,20.078,19.767,,
Virgin Islands (U.S.),35,34.62,34.24,33.86,33.48,33.1,32.72222222,32.34444444,31.96666667,31.58888889,31.21111111,30.83333333,30.45555556,30.07777778,29.7,28.1,26.6,26.75,26.9,26.35,25.8,25.25,24.7,24.8,24.9,25,23.65,22.3,22,21.7,21.4,21.1,22,20.9,19.8,18.7,17.6,17.2,18,16.1,14.4,13.17,15.1,14.1,14.6,14.9,13.3,12.7,12.3,11.8,11.3,11.1,10.9,10.7,,
Viet Nam,42.319,41.806,41.187,40.501,39.791,39.101,38.463,37.886,37.369,36.913,36.503,36.109,35.699,35.253,34.77,34.263,33.756,33.278,32.848,32.47,32.144,31.864,31.608,31.352,31.08,30.789,30.48,30.15,29.778,29.336,28.752,27.948,26.901,25.626,24.173,22.636,21.136,19.788,18.677,17.846,17.306,17.031,16.93,16.916,16.943,16.967,16.955,16.902,16.803,16.646,16.428,16.157,15.854,15.537,,
Vanuatu,48.783,48.29,47.716,47.061,46.339,45.57,44.782,44.009,43.28,42.616,42.035,41.548,41.142,40.801,40.514,40.269,40.047,39.834,39.613,39.374,39.108,38.812,38.495,38.166,37.829,37.494,37.171,36.868,36.585,36.322,36.076,35.842,35.609,35.362,35.092,34.783,34.42,34.002,33.53,33.009,32.443,31.842,31.222,30.602,29.999,29.434,28.925,28.474,28.082,27.743,27.447,27.175,26.907,26.627,,
West Bank,,,,,,,,,,,,,,,,,,,,,,,,,,,,,,,45.22,44.86,44.5,44.14,43.78,43.42,43.06,42.7,42.1,41.4,40.9,40.2,39.6,38.8,38.1,37.3,36.7,35.855,32.054,31.61,31.237,30.922,30.647,30.394,,
World,31.83366243,31.09179803,34.9181771,36.07025024,34.94528179,34.31493976,33.26939347,32.98551191,33.11296284,32.58293629,32.25434459,31.4365681,30.93034354,30.30945708,29.46854833,28.85113575,28.02197724,27.69412792,27.41237063,27.25304042,27.23880817,27.68312333,27.86148766,27.24264224,26.97332834,27.0146257,27.0979225,27.05478474,26.58161039,26.0737078,25.67994482,25.01927138,24.38965003,23.98772797,23.6078845,23.16856687,22.87635865,22.54027393,22.12319854,21.69114391,21.42490522,21.07247655,20.8106298,20.57889068,20.41259175,20.27031264,20.11908522,20.03839996,19.9525119,19.79533955,19.61622234,19.47172366,19.39888857,19.22370059,,
Samoa,48.133,47.772,47.325,46.766,46.091,45.314,44.465,43.595,42.749,41.954,41.229,40.583,40.004,39.48,39.01,38.59,38.218,37.884,37.574,37.279,36.986,36.685,36.371,36.039,35.686,35.306,34.892,34.453,34.001,33.548,33.118,32.74,32.427,32.18,31.994,31.84,31.682,31.487,31.237,30.931,30.595,30.269,29.991,29.778,29.624,29.498,29.353,29.142,28.836,28.43,27.931,27.366,26.776,26.203,,
Yemen,51.449,51.732,51.998,52.244,52.461,52.62,52.685,52.647,52.517,52.327,52.14,52.033,52.063,52.262,52.631,53.155,53.796,54.475,55.117,55.665,56.062,56.264,56.269,56.086,55.72,55.2,54.571,53.879,53.153,52.402,51.597,50.686,49.632,48.423,47.084,45.666,44.237,42.866,41.605,40.478,39.482,38.592,37.755,36.935,36.126,35.337,34.588,33.903,33.296,32.763,32.294,31.873,31.476,31.08,,
South Africa,41.719,41.413,41.039,40.593,40.086,39.556,39.054,38.623,38.287,38.047,37.883,37.755,37.615,37.422,37.164,36.842,36.471,36.081,35.691,35.306,34.923,34.533,34.121,33.675,33.19,32.655,32.064,31.42,30.735,30.02,29.287,28.549,27.823,27.126,26.474,25.887,25.381,24.954,24.598,24.306,24.059,23.835,23.613,23.375,23.115,22.835,22.546,22.265,22.004,21.763,21.536,21.316,21.09,20.85,,
Congo,46.651,46.732,46.802,46.856,46.891,46.903,46.888,46.851,46.795,46.725,46.645,46.559,46.474,46.397,46.335,46.3,46.299,46.334,46.404,46.506,46.634,46.777,46.925,47.071,47.211,47.355,47.515,47.699,47.907,48.13,48.35,48.545,48.694,48.782,48.799,48.74,48.606,48.414,48.177,47.905,47.608,47.296,46.972,46.641,46.304,45.962,45.609,45.239,44.849,44.44,44.017,43.585,43.15,42.717,,
Zambia,48.029,48.257,48.487,48.709,48.913,49.083,49.201,49.26,49.258,49.194,49.079,48.931,48.765,48.592,48.411,48.206,47.954,47.637,47.251,46.808,46.33,45.846,45.389,44.988,44.657,44.401,44.213,44.076,43.977,43.915,43.905,43.967,44.107,44.319,44.582,44.866,45.133,45.348,45.484,45.527,45.465,45.3,45.059,44.771,44.456,44.145,43.867,43.636,43.454,43.32,43.217,43.119,42.995,42.822,,
Zimbabwe,48.183,48.184,48.153,48.084,47.981,47.856,47.727,47.617,47.539,47.498,47.501,47.552,47.633,47.722,47.796,47.83,47.803,47.693,47.483,47.156,46.688,46.063,45.291,44.395,43.399,42.336,41.237,40.14,39.08,38.084,37.172,36.35,35.606,34.931,34.326,33.792,33.329,32.932,32.599,32.33,32.134,32.028,32.01,32.068,32.18,32.31,32.421,32.481,32.466,32.362,32.17,31.905,31.594,31.259,,
